,title_id,title,region,language,averagerating,numvotes,primary_title,original_title,start_year,runtime_minutes,genres,release_date,production_budget,domestic_gross,worldwide_gross,profit_margin,movie_locations,location_coords,genre1,genre2,genre3
22295,tt1591095,The Further,US,,6.9,254197,Insidious,Insidious,2010,103.0,"Horror,Mystery,Thriller","Apr 1, 2011","$1,500,000","$54,009,150","$99,870,886",66.58059066666667,"['Herald Examiner - 1111 S. Broadway, Downtown, Los Angeles, California, USA', '1153 S Point View St, Los Angeles, California, USA', '4350 Victoria Park Drive, Los Angeles, California, USA', 'Los Angeles, California, USA']","[{'lat': 34.0393451, 'lng': -118.2596387}, {'lat': 34.0547919, 'lng': -118.3690906}, {'lat': 34.046743, 'lng': -118.3304583}, {'lat': 34.0522342, 'lng': -118.2436849}]",Horror,Mystery,Thriller
21013,tt2519480,Benji,US,,7.4,101,Benji,Benji,2012,79.0,"Documentary,Sport","Nov 15, 1974","$500,000","$31,559,560","$31,559,560",63.11912,[],[],Documentary,Sport,
22087,tt4972582,Untitled M. Night Shyamalan Project,US,,7.3,358543,Split,Split,2016,117.0,"Horror,Thriller","Jan 20, 2017","$5,000,000","$138,141,585","$278,964,806",55.7929612,"['Philadelphia Zoo - 3400 W. Girard Avenue, Philadelphia, Pennsylvania, USA', 'Silk City Diner Bar & Lounge - 435 Spring Garden St, Philadelphia, Pennsylvania, USA', 'Sun Center Studios, Aston, Pennsylvania, USA', '30th Street Station - 3001 Market Street, Philadelphia, Pennsylvania, USA', 'Fisherman Restaurant, 440 Schuylkill Rd, Phoenixville, Pennsylvania, USA', 'New Jersey, USA', 'Philadelphia, Pennsylvania, USA', 'Pennsylvania, USA', 'USA']","[{'lat': 39.9720828, 'lng': -75.1958487}, {'lat': 39.96138759999999, 'lng': -75.1463394}, {'lat': 39.8526059, 'lng': -75.40776}, {'lat': 39.9557799, 'lng': -75.1819683}, {'lat': 40.14161610000001, 'lng': -75.5481963}, {'lat': 40.0583238, 'lng': -74.4056612}, {'lat': 39.9525839, 'lng': -75.1652215}, {'lat': 41.2033216, 'lng': -77.1945247}, {'lat': 37.09024, 'lng': -95.712891}]",Horror,Thriller,
40606,tt5052448,Get Out,US,,7.7,400474,Get Out,Get Out,2017,104.0,"Horror,Mystery,Thriller","Feb 24, 2017","$5,000,000","$176,040,665","$255,367,951",51.0735902,"['Fairhope, Alabama, USA', '6892 Heathcroft Lane, Fairhope, Alabama, USA', 'Alabama, USA', 'Mobile, Alabama, USA', 'Ryan Avenue, Mobile, Alabama, USA']","[{'lat': 30.5229719, 'lng': -87.9033261}, {'lat': 30.4623277, 'lng': -87.9047034}, {'lat': 32.3182314, 'lng': -86.902298}, {'lat': 30.6953657, 'lng': -88.0398912}, {'lat': 30.6889422, 'lng': -88.0935642}]",Horror,Mystery,Thriller
41896,tt4975722,Moonlight,US,,7.4,227964,Moonlight,Moonlight,2016,111.0,Drama,"Oct 21, 2016","$1,500,000","$27,854,931","$65,245,512",43.497008,"['Miramar High School, Miramar, Florida, USA', ""Jimmy's Eastside Diner, 7201 Biscayne Blvd., Miami, Florida, USA"", 'Miami, Florida, USA', 'Liberty City, Florida, USA', 'Virginia Key, Florida, USA']","[{'lat': 25.9761609, 'lng': -80.2619686}, {'lat': 25.8413767, 'lng': -80.1841796}, {'lat': 25.7616798, 'lng': -80.1917902}, {'lat': 25.8317637, 'lng': -80.2167149}, {'lat': 25.7399644, 'lng': -80.15681339999999}]",Drama,,
39525,tt5074352,Wrestling Competition,US,,8.5,123638,Dangal,Dangal,2016,161.0,"Action,Biography,Drama","Dec 21, 2016","$9,500,000","$12,391,761","$294,654,618",31.01627557894737,"['Pune, Maharashtra, India', 'Ludhiana, Punjab, India', 'Delhi, India']","[{'lat': 18.5204303, 'lng': 73.8567437}, {'lat': 30.900965, 'lng': 75.8572758}, {'lat': 28.7040592, 'lng': 77.10249019999999}]",Action,Biography,Drama
10851,tt2611518,Lights Out,US,,8.6,22,Lights Out,Lights Out,2013,,Drama,"Jul 22, 2016","$5,000,000","$67,268,835","$148,806,510",29.761302,[],[],Drama,,
10852,tt1085448,Lights Out,US,,6.6,10,Lights Out,Lights Out,2010,,Drama,"Jul 22, 2016","$5,000,000","$67,268,835","$148,806,510",29.761302,"['Los Angeles, California, USA']","[{'lat': 34.0522342, 'lng': -118.2436849}]",Drama,,
35182,tt1922777,Untitled Scott Derrickson Project,US,,6.8,198345,Sinister,Sinister,2012,110.0,"Horror,Mystery,Thriller","Oct 12, 2012","$3,000,000","$48,086,903","$87,727,807",29.242602333333334,"['Long Island, New York, USA', 'Los Angeles, California, USA', '169 Middle Neck Road, Sands Point, New York, USA', 'Kirby Hill, Muttontown, New York, USA']","[{'lat': 40.789142, 'lng': -73.13496099999999}, {'lat': 34.0522342, 'lng': -118.2436849}, {'lat': 40.8577744, 'lng': -73.7146169}, {'lat': 40.8094525, 'lng': -73.53214419999999}]",Horror,Mystery,Thriller
40121,tt6265828,A Ghost Story,US,,6.8,46280,A Ghost Story,A Ghost Story,2017,92.0,"Drama,Fantasy,Romance","Jul 7, 2017","$100,000","$1,594,798","$2,769,782",27.69782,"['Irving, Texas, USA', 'Downtown, Fort Worth, Texas, USA', 'Fort Worth, Texas, USA', 'Texas, USA', 'Dallas, Texas, USA', 'USA']","[{'lat': 32.8140177, 'lng': -96.9488945}, {'lat': 32.7554883, 'lng': -97.3307658}, {'lat': 32.7554883, 'lng': -97.3307658}, {'lat': 31.9685988, 'lng': -99.9018131}, {'lat': 32.7766642, 'lng': -96.79698789999999}, {'lat': 37.09024, 'lng': -95.712891}]",Drama,Fantasy,Romance
21037,tt1853739,You're Next,US,,6.6,79451,You're Next,You're Next,2011,95.0,"Action,Comedy,Horror","Aug 23, 2013","$1,000,000","$18,494,006","$26,887,177",26.887177,"['Columbia, Missouri, USA', '2007 S Country Club Drive, Columbia, Missouri, USA']","[{'lat': 38.9517053, 'lng': -92.3340724}, {'lat': 38.9561031, 'lng': -92.3080907}]",Action,Comedy,Horror
18960,tt1742336,Your Sister's Sister,US,,6.7,24780,Your Sister's Sister,Your Sister's Sister,2011,90.0,"Comedy,Drama","Jun 15, 2012","$120,000","$1,597,486","$3,090,593",25.754941666666667,"['San Juan Islands, Washington, USA', 'Anacortes, Washington, USA', 'Seattle, Washington, USA', '15003 Ambaum Blvd SW, Burien, Washington, USA']","[{'lat': 48.5984022, 'lng': -122.9948641}, {'lat': 48.51260449999999, 'lng': -122.6126718}, {'lat': 47.6062095, 'lng': -122.3320708}, {'lat': 47.4682693, 'lng': -122.3463508}]",Comedy,Drama,
39012,tt2582846,The Fault in Our Stars,US,,7.7,315135,The Fault in Our Stars,The Fault in Our Stars,2014,126.0,"Drama,Romance","Jun 6, 2014","$12,000,000","$124,872,350","$307,166,834",25.597236166666665,"['Amsterdam, Noord-Holland, Netherlands', '821 11th Street, Oakmont, Pittsburgh, Pennsylvania, USA', 'Pittsburgh, Pennsylvania, USA', 'Keizersgracht 498, Amsterdam, Netherlands', '1304 Summit Drive, Oakmont, Pittsburgh, Pennsylvania, USA', 'American Hotel, Amsterdam, Noord-Holland, Netherlands', 'Vondelstraat 162, Amsterdam, Netherlands', 'Rijksmuseum, Amsterdam, Noord-Holland, Netherlands', 'Leidsegracht 4, Amsterdam, Netherlands', 'Allegheny General Hospital Suburban Campus - West Ave, Bellevue, Pittsburgh, Pennsylvania, USA', 'Anne Frank House, Prinsengracht 263-265, Amsterdam, Netherlands', 'Netherlands', 'USA', '31st Street Studios - Pittsburgh, Pennsylvania, USA', 'Hartwood Acres Park, North Hills region, Pittsburgh, Pennsylvania, USA', 'Mansions on 5th Avenue Hotel, 5105 Fifth Ave, Pittsburgh, Pennsylvania, USA', '300 Heritage Drive, Wilkins Township, Pittsburgh, Pennsylvania, USA', 'Church Hill Cemetery - 260 Churchill Road, Wilkins Township, Pittsburgh, Pennsylvania, USA', ""St. Paul's Episcopal Church -1066 Washington Road, Mt. Lebanon, Pittsburgh, Pennsylvania, USA"", 'Lawrenceville, Pittsburgh, Pennsylvania, USA', 'Uni-Mart Convenience Store, 830 Allegheny River Blvd, Oakmont, Pittsburgh, Pennsylvania, USA']","[{'lat': 52.3675734, 'lng': 4.9041389}, {'lat': 40.52250799999999, 'lng': -79.8307466}, {'lat': 40.44062479999999, 'lng': -79.9958864}, {'lat': 52.3659909, 'lng': 4.8856598}, {'lat': 40.5234488, 'lng': -79.8256035}, {'lat': 52.363889, 'lng': 4.881302}, {'lat': 52.3607602, 'lng': 4.871264399999999}, {'lat': 52.3599976, 'lng': 4.8852188}, {'lat': 52.3675493, 'lng': 4.886165699999999}, {'lat': 40.495015, 'lng': -80.06039009999999}, {'lat': 52.3752182, 'lng': 4.8839765}, {'lat': 52.132633, 'lng': 5.291265999999999}, {'lat': 37.09024, 'lng': -95.712891}, {'lat': 40.4620483, 'lng': -79.9733055}, {'lat': 40.5694411, 'lng': -79.9088654}, {'lat': 40.44808099999999, 'lng': -79.9382868}, {'lat': 40.4279566, 'lng': -79.8193658}, {'lat': 40.42451519999999, 'lng': -79.8247719}, {'lat': 40.3707678, 'lng': -80.05017819999999}, {'lat': 40.467569, 'lng': -79.96060779999999}, {'lat': 40.5246308, 'lng': -79.84069989999999}]",Drama,Romance,
11833,tt0947798,Black Swan,US,,8.0,648854,Black Swan,Black Swan,2010,108.0,"Drama,Thriller","Dec 3, 2010","$13,000,000","$106,954,678","$331,266,710",25.482054615384616,"['The Concert Hall, Performing Arts Center, Purchase College, State University Of New York at Purchase, Purchase, New York, USA', 'Bowling Green, Lower Manhattan, Manhattan, New York City, New York, USA', 'Brooklyn Museum - 200 Eastern Parkway, Brooklyn, New York City, New York, USA', 'Lincoln Center, New York City, New York, USA', 'Manhattan, New York City, New York, USA', 'Broadway, Manhattan, New York City, New York, USA', 'New York City, New York, USA', 'Woodhull Medical and Mental Health Center, Brooklyn, New York City, New York, USA']","[{'lat': 41.0485661, 'lng': -73.70523039999999}, {'lat': 40.7045583, 'lng': -74.0138597}, {'lat': 40.6712062, 'lng': -73.9636306}, {'lat': 40.7724641, 'lng': -73.9834889}, {'lat': 40.7830603, 'lng': -73.9712488}, {'lat': 40.81241989999999, 'lng': -73.96053429999999}, {'lat': 40.7127753, 'lng': -74.0059728}, {'lat': 40.6996948, 'lng': -73.9425116}]",Drama,Thriller,
42048,tt4085696,Billy Elliot,US,,8.5,1109,Billy Elliot,Billy Elliot the Musical Live,2014,169.0,"Comedy,Drama,Music","Oct 13, 2000","$5,000,000","$21,995,263","$109,253,745",21.850749,"['Victoria Palace Theatre, Victoria Street, Westminster, London, England, UK', 'Circustheater, Circusplein 50, 2586 CZ Den Haag, Netherlands']","[{'lat': 51.496876, 'lng': -0.1425189}, {'lat': 52.110812, 'lng': 4.283151}]",Comedy,Drama,Music
4997,tt1179933,10 Cloverfield Lane,US,,7.2,260383,10 Cloverfield Lane,10 Cloverfield Lane,2016,103.0,"Drama,Horror,Mystery","Mar 11, 2016","$5,000,000","$72,082,999","$108,286,422",21.6572844,"['New Orleans, Louisiana, USA', 'Home Place Plantation - State Highway 18, Hahnville, Louisiana, USA']","[{'lat': 29.95106579999999, 'lng': -90.0715323}, {'lat': 29.9711111, 'lng': -90.4076759}]",Drama,Horror,Mystery
41541,tt3783958,LaLa Land,US,,8.0,436070,La La Land,La La Land,2016,128.0,"Comedy,Drama,Music","Dec 9, 2016","$20,000,000","$151,101,803","$426,351,163",21.31755815,"['Griffith Observatory, 2800 E Observatory Rd, Los Angeles, California, USA', 'The Lighthouse Cafe - 30 Pier Ave, Hermosa Beach, California, USA', 'Hermosa Beach Pier, Pier Ave, Hermosa Beach, California, USA', 'Angels Flight Railway - 351 S Hill St, Los Angeles, California, USA', 'Long Beach, California, USA', 'Chateau Marmont - 8221 Sunset Blvd., Hollywood, Los Angeles, California, USA', 'Watts Towers - 1765 E. 107th Street, Watts, Los Angeles, California, USA', 'Century Freeway I-105/Harbor Freeway I-110 Interchange, South Los Angeles, Los Angeles, California, USA', 'Rialto Theatre - 1023 S. Fair Oaks Avenue, South Pasadena, California, USA', 'Colorado Street Bridge, Pasadena, California, USA', 'The Blind Donkey - 149 Linden Ave, Long Beach, California, USA', 'Mount Hollywood Dr, Los Angeles, California, USA', 'W 4th St, Los Angeles, California, USA', 'Vine St, Los Angeles, California, USA', '1648 Wilcox Ave, Los Angeles, California, USA', 'Grand Central Market - 317 S. Broadway, Downtown, Los Angeles, California, USA', 'Smoke House Restaurant - 4420 West Lakeside Drive, Burbank, California, USA', 'Bernard St, Chinatown, Los Angeles, California, USA', '8225 Beverly Boulevard, Los Angeles, California, USA', '4403 W. Magnolia Blvd, Burbank, California, USA', '1735 Bird Way, Long Beach, California, USA', '6202 Santa Monica Blvd, Los Angeles, California, USA', 'Santa Clarita, California, USA', 'Warner Brothers Burbank Studios - 4000 Warner Boulevard, Burbank, California, USA', ""Dan Tana's, 9071 California Route 2, West Hollywood, California, USA"", 'Jar, 8225 Beverly Blvd, Los Angeles, California, USA', 'EastWest Studios - 6000 W Sunset Blvd, Hollywood, California, USA', 'Langham Apartments, Normandy, Koreatown, Los Angeles, California, USA', 'Cafe Club Fais Do-Do, 5257 W Adams Blvd, Los Angeles, California, USA', '8404 Willis Ave, Panorama City, Los Angeles, California, USA', 'Hollywood Center Studios - 1040 N. Las Palmas Avenue, Hollywood, Los Angeles, California, USA', 'Hayworth Theatre, 2511 Wilshire Blvd, Los Angeles, California, USA', 'Regent Theater - 448 S. Main Street, Downtown, Los Angeles, California, USA', 'Los Angeles, California, USA', '4533 Estrondo Dr, Encino, Los Angeles, California, USA', '16210 Dorilee Ln, Encino, California, USA', '880 La Loma Rd., Pasadena, California, USA', '25851 Mendoza Dr, Santa Clarita, California, USA', 'Orcutt Ranch Horticulture Center - 23600 Roscoe Blvd, Canoga Park, Los Angeles, California, USA', 'Willis Avenue, Panorama City, Los Angeles, California, USA', 'St. Luke Medical Center, 2632 E. Washington Blvd., Pasadena, California, USA', 'USA', 'Will Rogers Memorial Park - 9650 Sunset Blvd, Beverly Hills, California, USA']","[{'lat': 34.1184341, 'lng': -118.3003935}, {'lat': 33.8618335, 'lng': -118.4010457}, {'lat': 33.8612058, 'lng': -118.4055426}, {'lat': 34.0511238, 'lng': -118.2498944}, {'lat': 33.7700504, 'lng': -118.1937395}, {'lat': 34.0982596, 'lng': -118.3684936}, {'lat': 33.9388598, 'lng': -118.2419477}, {'lat': 33.9267409, 'lng': -118.3028121}, {'lat': 34.1140056, 'lng': -118.1505889}, {'lat': 34.144553, 'lng': -118.1645887}, {'lat': 33.7689995, 'lng': -118.1865188}, {'lat': 34.1236373, 'lng': -118.3017564}, {'lat': 34.0671359, 'lng': -118.3258527}, {'lat': 34.0970697, 'lng': -118.3266724}, {'lat': 34.101334, 'lng': -118.3308852}, {'lat': 34.05065, 'lng': -118.2487972}, {'lat': 34.1455215, 'lng': -118.341308}, {'lat': 34.0671583, 'lng': -118.2387308}, {'lat': 34.0763, 'lng': -118.3688492}, {'lat': 34.165874, 'lng': -118.3544089}, {'lat': 33.7689963, 'lng': -118.1706056}, {'lat': 34.0905991, 'lng': -118.3246754}, {'lat': 34.3916641, 'lng': -118.542586}, {'lat': 34.149365, 'lng': -118.337742}, {'lat': 34.0817802, 'lng': -118.3891144}, {'lat': 34.0763, 'lng': -118.3688492}, {'lat': 34.0978781, 'lng': -118.3204198}, {'lat': 34.059311, 'lng': -118.2999549}, {'lat': 34.0327381, 'lng': -118.3571244}, {'lat': 34.223295, 'lng': -118.454551}, {'lat': 34.0897788, 'lng': -118.3355073}, {'lat': 34.06047940000001, 'lng': -118.2807571}, {'lat': 34.0471043, 'lng': -118.2479757}, {'lat': 34.0522342, 'lng': -118.2436849}, {'lat': 34.153285, 'lng': -118.5009482}, {'lat': 34.1331115, 'lng': -118.485233}, {'lat': 34.1333471, 'lng': -118.1683342}, {'lat': 34.4079791, 'lng': -118.546808}, {'lat': 34.2183389, 'lng': -118.6402278}, {'lat': 34.2001189, 'lng': -118.4552054}, {'lat': 34.1686778, 'lng': -118.0963514}, {'lat': 37.09024, 'lng': -95.712891}, {'lat': 34.0804819, 'lng': -118.412294}]",Comedy,Drama,Music
11200,tt1396484,It: Chapter One,US,,7.4,359123,It,It,2017,135.0,"Horror,Thriller","Sep 8, 2017","$35,000,000","$327,481,748","$697,457,969",19.927370542857144,"['Bangor, Maine, USA', 'Elora, Ontario, Canada', 'Oshawa, Ontario, Canada', 'Port Hope, Ontario, Canada', 'Toronto, Ontario, Canada', '450 Pape Avenue, Toronto, Ontario, Canada', 'West Montrose, Ontario, Canada', 'Hamilton, Ontario, Canada', 'Pickering, Ontario, Canada', 'Pinewood Toronto Studios, Port Lands, Toronto, Ontario, Canada', 'Springmount Ave and William St, Toronto, Ontario, Canada', 'Canada', 'Vancouver, British Columbia, Canada', 'USA', 'Chicago Illinois, USA']","[{'lat': 44.8016128, 'lng': -68.7712257}, {'lat': 43.683715, 'lng': -80.43054269999999}, {'lat': 43.8970929, 'lng': -78.86579119999999}, {'lat': 43.9491784, 'lng': -78.2934468}, {'lat': 43.653226, 'lng': -79.3831843}, {'lat': 43.6714675, 'lng': -79.3421992}, {'lat': 43.586796, 'lng': -80.48237499999999}, {'lat': 43.2557206, 'lng': -79.8711024}, {'lat': 43.83841169999999, 'lng': -79.0867579}, {'lat': 43.6491712, 'lng': -79.3429501}, {'lat': 43.7030434, 'lng': -79.5150597}, {'lat': 56.130366, 'lng': -106.346771}, {'lat': 49.2827291, 'lng': -123.1207375}, {'lat': 37.09024, 'lng': -95.712891}, {'lat': 41.8781136, 'lng': -87.6297982}]",Horror,Thriller,
43789,tt6644200,A Quiet Place,US,,7.6,305031,A Quiet Place,A Quiet Place,2018,90.0,"Drama,Horror,Sci-Fi","Apr 6, 2018","$17,000,000","$188,024,361","$334,522,294",19.677782,"['Little Falls, New York, USA', 'Pawling, New York, USA', 'New Paltz, New York, USA', 'Beacon, New York, USA']","[{'lat': 43.0434039, 'lng': -74.8595957}, {'lat': 41.5796695, 'lng': -73.5829689}, {'lat': 41.7475933, 'lng': -74.0868095}, {'lat': 41.5048158, 'lng': -73.9695832}]",Drama,Horror,Sci-Fi
3885,tt2334649,Fruitvale Station,US,,7.5,68187,Fruitvale Station,Fruitvale Station,2013,85.0,"Biography,Drama,Romance","Jul 12, 2013","$900,000","$16,098,998","$17,549,645",19.499605555555554,"['Oakland, California, USA', 'San Leandro, California, USA', 'San Quentin State Prison, San Quentin, California, USA', 'San Francisco, California, USA', 'California, USA', 'USA']","[{'lat': 37.8043514, 'lng': -122.2711639}, {'lat': 37.7257663, 'lng': -122.1568554}, {'lat': 37.9386291, 'lng': -122.4898472}, {'lat': 37.7749295, 'lng': -122.4194155}, {'lat': 36.778261, 'lng': -119.4179324}, {'lat': 37.09024, 'lng': -95.712891}]",Biography,Drama,Romance
17141,tt1630036,Courageous,US,,7.0,17586,Courageous,Courageous,2011,129.0,Drama,"Sep 30, 2011","$2,000,000","$34,522,221","$35,185,884",17.592942,"['Albany, Georgia, USA']","[{'lat': 31.5785074, 'lng': -84.15574099999999}]",Drama,,
4895,tt1120985,Blue Valentine,US,,7.4,170089,Blue Valentine,Blue Valentine,2010,112.0,"Drama,Romance","Dec 29, 2010","$1,000,000","$9,737,892","$16,566,240",16.56624,"['Carbondale, Pennsylvania, USA', 'Scranton, Pennsylvania, USA', 'Wayne Delaware Manor, Beach Lake, Pennsylvania, USA', 'New York, USA', 'Pennsylvania, USA', 'USA', 'Honesdale, Pennsylvania, USA', 'King of Prussia, Pennsylvania, USA', 'Wayne, Pennsylvania, USA', 'New York City, New York, USA', 'Brooklyn, New York City, New York, USA', 'Manhattan, New York City, New York, USA', 'Park Street Complex, Honesdale, Pennsylvania, USA', 'Queens, New York City, New York, USA']","[{'lat': 41.5736935, 'lng': -75.5018508}, {'lat': 41.408969, 'lng': -75.66241219999999}, {'lat': 41.6017554, 'lng': -75.1498943}, {'lat': 40.7127753, 'lng': -74.0059728}, {'lat': 41.2033216, 'lng': -77.1945247}, {'lat': 37.09024, 'lng': -95.712891}, {'lat': 41.5767552, 'lng': -75.25878709999999}, {'lat': 40.1012856, 'lng': -75.3835525}, {'lat': 40.0415996, 'lng': -75.3698895}, {'lat': 40.7127753, 'lng': -74.0059728}, {'lat': 40.6781784, 'lng': -73.9441579}, {'lat': 40.7830603, 'lng': -73.9712488}, {'lat': 41.5741932, 'lng': -75.26131459999999}, {'lat': 40.7282239, 'lng': -73.7948516}]",Drama,Romance,
8014,tt1727824,Untitled Freddie Mercury Biopic,US,,8.0,345466,Bohemian Rhapsody,Bohemian Rhapsody,2018,134.0,"Biography,Drama,Music","Nov 2, 2018","$55,000,000","$216,303,339","$894,985,342",16.272460763636364,"['Bovingdon Airfield, Bovingdon, Hertfordshire, UK', 'Gillette Building, Brentford, Greater London, England, UK', 'Weybridge, Surrey, England, UK', 'Ashcombe Avenue, Surbiton, Surrey, UK', 'Union Street, Southwark, London, England, UK', 'London, England, UK', 'Hong Kong', 'Hornsey Town Hall, Haringay, London, England, UK', 'Munich, Bavaria, Germany', 'Frauenkirche, Frauenplatz 12, Munich, Bavaria, Germany', 'England, UK', 'Bavaria, Germany', 'UK', 'Germany', 'Twickenham, Middlesex, England, UK']","[{'lat': 51.7220861, 'lng': -0.5491522999999999}, {'lat': 51.4841241, 'lng': -0.3287114}, {'lat': 51.3716269, 'lng': -0.457904}, {'lat': 51.3853664, 'lng': -0.3063521}, {'lat': 51.5038011, 'lng': -0.09806419999999999}, {'lat': 51.5073509, 'lng': -0.1277583}, {'lat': 22.3193039, 'lng': 114.1693611}, {'lat': 51.5788297, 'lng': -0.1222021}, {'lat': 48.1351253, 'lng': 11.5819805}, {'lat': 48.138631, 'lng': 11.5736254}, {'lat': 52.3555177, 'lng': -1.1743197}, {'lat': 48.7904472, 'lng': 11.4978895}, {'lat': 55.378051, 'lng': -3.435973}, {'lat': 51.165691, 'lng': 10.451526}, {'lat': 51.44458100000001, 'lng': -0.335246}]",Biography,Drama,Music
22833,tt1457767,The Warren Files,US,,7.5,397233,The Conjuring,The Conjuring,2013,112.0,"Horror,Mystery,Thriller","Jul 19, 2013","$20,000,000","$137,400,141","$318,000,141",15.90000705,"['North Carolina, USA', 'Wilmington, North Carolina, USA', '405 Canetuck Road, Currie, North Carolina, USA', 'Currie, North Carolina, USA']","[{'lat': 35.7595731, 'lng': -79.01929969999999}, {'lat': 34.2103894, 'lng': -77.8868117}, {'lat': 34.426504, 'lng': -78.14399759999999}, {'lat': 34.4626671, 'lng': -78.1011055}]",Horror,Mystery,Thriller
23576,tt2543472,Wonder,US,,8.0,111632,Wonder,Wonder,2017,113.0,"Drama,Family","Nov 17, 2017","$20,000,000","$132,422,809","$304,604,712",15.2302356,"['Heritage Woods Secondary School, Port Moody, British Columbia, Canada', 'Vancouver, British Columbia, Canada', 'Vancouver College, Vancouver, British Columbia, Canada', 'Playland, Vancouver, British Columbia, Canada', 'Robson Square, Vancouver, British Columbia, Canada', 'Manhattan, New York City, New York, USA', 'Coney Island, Brooklyn, New York, USA', 'Vancouver Art Gallery, 750 Hornby Street, Vancouver, British Columbia, Canada', 'W 63rd St & Broadway, Manhattan, New York City, New York, USA', 'Lincoln Center for the Performing Arts - Columbus Avenue & 61st Street, Manhattan, New York City, New York, USA', 'Park Slope, Brooklyn, New York City, New York, USA', 'Times Square, Manhattan, New York City, New York, USA']","[{'lat': 49.2987281, 'lng': -122.8411387}, {'lat': 49.2827291, 'lng': -123.1207375}, {'lat': 49.2367467, 'lng': -123.1360404}, {'lat': 49.28164169999999, 'lng': -123.0362188}, {'lat': 49.2819295, 'lng': -123.1219182}, {'lat': 40.7830603, 'lng': -73.9712488}, {'lat': 40.5755438, 'lng': -73.9707016}, {'lat': 49.2829607, 'lng': -123.1204715}, {'lat': 41.7787791, 'lng': -87.71540309999999}, {'lat': 40.7724641, 'lng': -73.9834889}, {'lat': 40.6710672, 'lng': -73.98142279999999}, {'lat': 40.7579747, 'lng': -73.9855426}]",Drama,Family,
21090,tt2084970,The Imitation Game,US,,8.0,620834,The Imitation Game,The Imitation Game,2014,114.0,"Biography,Drama,Thriller","Nov 28, 2014","$15,000,000","$91,125,143","$227,740,463",15.182697533333334,"['Sherborne School, Sherborne, Dorset, England, UK', 'Bicester Aerodrome, Bicester, Oxfordshire, England, UK', 'Chesham, Buckinghamshire, England, UK', ""King's Cross Station, King's Cross, London, England, UK"", 'Sherborne School, Sherborne, Dorset, England, UK', 'Bletchley Park, Bletchley, Buckinghamshire, England, UK', 'Aldwych Underground Station, Aldwych, Holborn, London, England, UK', 'Joyce Grove, Nettlebed, Oxfordshire, England, UK', 'London, England, UK', 'West London Film Studios, London, England, UK']","[{'lat': 50.9473004, 'lng': -2.517117}, {'lat': 51.91581799999999, 'lng': -1.136398}, {'lat': 51.709401, 'lng': -0.612333}, {'lat': 51.5320013, 'lng': -0.1233234}, {'lat': 50.9473004, 'lng': -2.517117}, {'lat': 51.9976597, 'lng': -0.7406863}, {'lat': 51.5175079, 'lng': -0.1199355}, {'lat': 51.5737315, 'lng': -0.9890414999999999}, {'lat': 51.5073509, 'lng': -0.1277583}, {'lat': 51.509564, 'lng': -0.397815}]",Biography,Drama,Thriller
3567,tt1758692,Like Crazy,US,,6.7,55841,Like Crazy,Like Crazy,2011,86.0,"Drama,Romance","Oct 28, 2011","$250,000","$3,395,391","$3,728,400",14.9136,"['London, England, UK', 'Avalon, Santa Catalina Island, Channel Islands, California, USA', 'Los Angeles, California, USA', 'Santa Monica Pier, Santa Monica, California, USA', 'California State University Northridge - 18111 Nordhoff Street, Northridge, Los Angeles, California, USA', 'Bradley International Terminal, Los Angeles International Airport - 1 World Way, Los Angeles, California, USA']","[{'lat': 51.5073509, 'lng': -0.1277583}, {'lat': 33.3428193, 'lng': -118.3282279}, {'lat': 34.0522342, 'lng': -118.2436849}, {'lat': 34.0099215, 'lng': -118.4960063}, {'lat': 34.2410366, 'lng': -118.5276745}, {'lat': 33.9436059, 'lng': -118.4093731}]",Drama,Romance,
42393,tt7961060,Dragon Ball Super: Broly,US,,8.0,16465,Dragon Ball Super: Broly,Doragon bôru chô: Burorî,2018,100.0,"Action,Adventure,Animation","Jan 16, 2019","$8,500,000","$30,376,755","$122,747,755",14.440912352941176,"['Tokyo, Japan']","[{'lat': 35.6761919, 'lng': 139.6503106}]",Action,Adventure,Animation
6287,tt1065073,Boyhood,US,,7.9,315584,Boyhood,Boyhood,2014,165.0,Drama,"Jul 11, 2014","$4,000,000","$25,379,975","$57,273,049",14.31826225,"['Austin, Texas, USA', 'Pedernales Falls State Park - 2585 Park Road 6026, Johnson City, Texas, USA', 'San Marcos, Texas, USA', 'Houston, Texas, USA', 'Big Bend Ranch State Park, Texas, USA', 'Museum of Natural Science, 5555 Hermann Park Dr, Houston, Texas, USA', 'Terlingua, Texas, USA', 'Minute Maid Park - 501 Crawford Street, Houston, Texas, USA', 'Lost Pines, Bastrop, Texas, USA', 'Sul Ross State University, Alpine, Texas, USA', 'Big Bend National Park, Texas, USA', 'Sul Ross State University, Alpine, Texas, USA', 'Texas, USA', 'Cockrell Butterfly Center, Houston Museum of Natural Science, 5555 Hermann Park Dr,, Houston, Texas, USA', 'Dart Bowl, 5700 Grover Avenue, Austin, Texas, USA', 'Joe Dan Mills Elementary School, 6201 Davis Lane, Austin, Texas, USA', 'Alpine, Texas, USA', 'USA']","[{'lat': 30.267153, 'lng': -97.7430608}, {'lat': 30.3080239, 'lng': -98.2576738}, {'lat': 29.8832749, 'lng': -97.9413941}, {'lat': 29.7604267, 'lng': -95.3698028}, {'lat': 29.4703682, 'lng': -103.95784}, {'lat': 29.7221004, 'lng': -95.389614}, {'lat': 29.321586, 'lng': -103.6160191}, {'lat': 29.7572694, 'lng': -95.3555143}, {'lat': 30.0873153, 'lng': -97.501432}, {'lat': 30.3636948, 'lng': -103.6497628}, {'lat': 29.2499017, 'lng': -103.2501638}, {'lat': 30.3636948, 'lng': -103.6497628}, {'lat': 31.9685988, 'lng': -99.9018131}, {'lat': 29.721477, 'lng': -95.38972369999999}, {'lat': 30.3290019, 'lng': -97.73149959999999}, {'lat': 30.2109429, 'lng': -97.8784053}, {'lat': 30.3584919, 'lng': -103.6610115}, {'lat': 37.09024, 'lng': -95.712891}]",Drama,,
41966,tt6966692,Green Book,US,,8.3,204972,Green Book,Green Book,2018,130.0,"Biography,Comedy,Drama","Nov 16, 2018","$23,000,000","$85,080,171","$322,034,439",14.001497347826087,"['Houmas House Plantation, Burnside, Louisiana, USA', 'McAlister Auditorium, Tulane University, New Orleans, LA 70118, USA', 'English Turn Golf & Country Club, 1 Clubhouse Dr, New Orleans, Louisiana, USA', ""Ruby's Roadhouse, Mandeville, Louisiana, USA"", 'Carnegie Hall, New York City, New York, USA', 'International House Hotel, Camp Street, New Orleans, Louisiana, USA', 'Aloha Motel, Metairie, Louisiana, USA', 'Carver Theater, New Orleans, Louisiana, USA', 'Clover Grill, French Quarter, New Orleans, Louisiana, USA', 'New Orleans Athletic Club, New Orleans, Louisiana, USA', 'Northshore Broadcasting building, Hammond, Louisiana, USA', 'Orpheum Theater - 129 Roosevelt Way, New Orleans, Louisiana, USA', 'The Roosevelt New Orleans - 130 Roosevelt Way, New Orleans, Louisiana, USA', 'Amite, Louisiana, USA', ""Sigle's Antiques, Royal Street, New Orleans, Louisiana, USA"", 'Saenger Theater, New Orleans, Louisiana, USA', 'Macon, Georgia', 'W.P. Brown House, 4717 St. Charles Ave., New Orleans, Louisiana, USA', 'Louisiana, USA', 'Burnside, Louisiana, USA', 'French Quarter, New Orleans, Louisiana, USA', 'New Orleans, Louisiana, USA', 'Hammond, Louisiana, USA', 'Metairie, Louisiana, USA', 'USA']","[{'lat': 30.140658, 'lng': -90.935071}, {'lat': 29.93991329999999, 'lng': -90.11889939999999}, {'lat': 29.90633589999999, 'lng': -89.9543927}, {'lat': 30.3615474, 'lng': -90.05857089999999}, {'lat': 40.7651258, 'lng': -73.97992359999999}, {'lat': 29.9512357, 'lng': -90.06892769999999}, {'lat': 29.974471, 'lng': -90.1570814}, {'lat': 29.967103, 'lng': -90.076661}, {'lat': 29.9602875, 'lng': -90.0640176}, {'lat': 29.9568518, 'lng': -90.0713887}, {'lat': 30.5042309, 'lng': -90.45946939999999}, {'lat': 29.954465, 'lng': -90.072813}, {'lat': 29.9543428, 'lng': -90.0722983}, {'lat': 30.7265747, 'lng': -90.50898149999999}, {'lat': 29.9603297, 'lng': -90.06279819999999}, {'lat': 29.95654439999999, 'lng': -90.0725806}, {'lat': 32.8406946, 'lng': -83.6324022}, {'lat': 29.926624, 'lng': -90.10594359999999}, {'lat': 30.9842977, 'lng': -91.96233269999999}, {'lat': 30.1388095, 'lng': -90.9239868}, {'lat': 29.9584426, 'lng': -90.0644107}, {'lat': 29.95106579999999, 'lng': -90.0715323}, {'lat': 30.5043583, 'lng': -90.46119949999999}, {'lat': 29.9840922, 'lng': -90.1528519}, {'lat': 37.09024, 'lng': -95.712891}]",Biography,Comedy,Drama
28506,tt1431045,Deadpool,US,,8.0,820847,Deadpool,Deadpool,2016,108.0,"Action,Adventure,Comedy","Feb 12, 2016","$58,000,000","$363,070,709","$801,025,593",13.810786086206896,"['Vancouver, British Columbia, Canada', 'No 5 Orange - 205 Main St, Vancouver, British Columbia, Canada', 'Royal Roads University - 2005 Sooke Rd, Victoria, British Columbia, Canada', 'Detroit, Michigan, USA', 'Georgia Viaduct, Vancouver, British Columbia, Canada', 'Canada', '200-block Gore Ave, Vancouver, British Columbia, Canada', 'Chinatown, Vancouver, British Columbia, Canada', 'Surrey, British Columbia, Canada']","[{'lat': 49.2827291, 'lng': -123.1207375}, {'lat': 49.28305140000001, 'lng': -123.099956}, {'lat': 48.4342047, 'lng': -123.4739689}, {'lat': 42.331427, 'lng': -83.0457538}, {'lat': 49.2771839, 'lng': -123.1050337}, {'lat': 56.130366, 'lng': -106.346771}, {'lat': 49.2828502, 'lng': -123.0974253}, {'lat': 49.2801149, 'lng': -123.1058197}, {'lat': 49.1913466, 'lng': -122.8490125}]",Action,Adventure,Comedy
28943,tt1412386,The Best Exotic Marigold Hotel for the Elderly & Beautiful,US,,7.3,85811,The Best Exotic Marigold Hotel,The Best Exotic Marigold Hotel,2011,124.0,"Comedy,Drama,Romance","May 4, 2012","$10,000,000","$46,383,639","$134,639,780",13.463978,"['Jaipur, Rajasthan, India', 'Royal Castle Kanota, Kanota Bagh, Jaipur, Rajasthan, India', 'Udaipur, Rajasthan, India', 'Stansted Airport, Essex, England, UK', 'India']","[{'lat': 26.9124336, 'lng': 75.7872709}, {'lat': 26.872221, 'lng': 75.94950039999999}, {'lat': 24.585445, 'lng': 73.712479}, {'lat': 51.8860181, 'lng': 0.2388661}, {'lat': 20.593684, 'lng': 78.96288}]",Comedy,Drama,Romance
38827,tt5027774,"3 Billboards Outside Ebbing, Missouri",US,,8.2,344047,"Three Billboards Outside Ebbing, Missouri","Three Billboards Outside Ebbing, Missouri",2017,115.0,"Crime,Drama","Nov 10, 2017","$12,000,000","$54,513,740","$160,191,915",13.34932625,"['Sylva, North Carolina, USA', 'Black Mountain, North Carolina, USA', 'North Carolina, USA', 'Maggie Valley, North Carolina, USA', 'Dillsboro, North Carolina, USA', 'Cullowhee, North Carolina, USA', 'Asheville, North Carolina, USA', 'Clyde, North Carolina, USA', '581 W. Main Street, Sylva, North Carolina, USA', 'USA']","[{'lat': 35.3737111, 'lng': -83.22598029999999}, {'lat': 35.6178951, 'lng': -82.3212302}, {'lat': 35.7595731, 'lng': -79.01929969999999}, {'lat': 35.5181575, 'lng': -83.0976419}, {'lat': 35.3692665, 'lng': -83.2523705}, {'lat': 35.3137111, 'lng': -83.1765333}, {'lat': 35.5950581, 'lng': -82.5514869}, {'lat': 35.5334379, 'lng': -82.910691}, {'lat': 35.3735955, 'lng': -83.2234177}, {'lat': 37.09024, 'lng': -95.712891}]",Crime,Drama,
36423,tt2609912,Kevin Hart: Let Me Explain,US,,6.8,7880,Kevin Hart: Let Me Explain,Kevin Hart: Let Me Explain,2013,75.0,"Comedy,Documentary","Jul 3, 2013","$2,500,000","$32,244,051","$32,327,255",12.930902,"['Madison Square Garden, 7th Avenue, Chelsea, Manhattan, New York City, New York, USA']","[{'lat': 40.7505045, 'lng': -73.9934387}]",Comedy,Documentary,
7298,tt2125435,Beasts of the Southern Wild,US,,7.3,77440,Beasts of the Southern Wild,Beasts of the Southern Wild,2012,93.0,"Adventure,Drama,Fantasy","Jun 27, 2012","$1,800,000","$12,795,746","$23,265,132",12.925073333333334,"['Terrebonne Parish, Louisiana, USA', 'Montegut, Louisiana, USA', 'New Orleans, Louisiana, USA', 'Louisiana, USA', 'USA']","[{'lat': 29.2299682, 'lng': -90.7532809}, {'lat': 29.4743852, 'lng': -90.55703079999999}, {'lat': 29.95106579999999, 'lng': -90.0715323}, {'lat': 30.9842977, 'lng': -91.96233269999999}, {'lat': 37.09024, 'lng': -95.712891}]",Adventure,Drama,Fantasy
6495,tt1690953,Despicable Me 2,US,,7.4,344230,Despicable Me 2,Despicable Me 2,2013,98.0,"Adventure,Animation,Comedy","Jul 3, 2013","$76,000,000","$368,065,385","$975,216,835",12.831800460526315,[],[],Adventure,Animation,Comedy
37701,tt6857112,Us,US,,7.1,102511,Us,Us,2019,116.0,"Horror,Mystery,Thriller","Mar 22, 2019","$20,000,000","$175,006,930","$254,210,310",12.7105155,"['Santa Cruz, California, USA', 'Los Angeles, California, USA', 'Santa Cruz Beach Boardwalk, Santa Cruz, California, USA', 'California, USA', 'USA']","[{'lat': 36.9741171, 'lng': -122.0307963}, {'lat': 34.0522342, 'lng': -118.2436849}, {'lat': 36.9636818, 'lng': -122.0183616}, {'lat': 36.778261, 'lng': -119.4179324}, {'lat': 37.09024, 'lng': -95.712891}]",Horror,Mystery,Thriller
37590,tt3741834,A Long Way Home,US,,8.1,181601,Lion,Lion,2016,118.0,"Biography,Drama","Nov 25, 2016","$12,000,000","$51,739,495","$149,570,720",12.464226666666667,"['Ganesh Talai ,Khandwa, India', 'Kolkata, West Bengal, India', 'Mount Wellington, Tasmania, Australia', 'Marion Bay, Tasmania, Australia', 'Hobart, Tasmania, Australia', 'Bruny Island, Tasmania, Australia', 'Melbourne, Victoria, Australia', 'Cape Hauy, Tasmania, Australia', 'Recherche Bay, South West Tasmania, Australia', 'Howrah Junction, Kolkata, West Bengal, India', 'India', 'Australia']","[{'lat': 21.8349615, 'lng': 76.3593872}, {'lat': 22.572646, 'lng': 88.36389500000001}, {'lat': -42.89, 'lng': 147.23}, {'lat': -42.8265569, 'lng': 147.856063}, {'lat': -42.8821377, 'lng': 147.3271949}, {'lat': -43.3937074, 'lng': 147.2679116}, {'lat': -37.8136276, 'lng': 144.9630576}, {'lat': -43.1463889, 'lng': 148.0019445}, {'lat': -43.55, 'lng': 146.9}, {'lat': 22.5839456, 'lng': 88.3434068}, {'lat': 20.593684, 'lng': 78.96288}, {'lat': -25.274398, 'lng': 133.775136}]",Biography,Drama,
41726,tt4598720,Glass,US,,8.2,84,Glass,Glass,2016,71.0,"Drama,Mystery,Thriller","Jan 18, 2019","$20,000,000","$111,035,005","$245,303,505",12.26517525,"['Texas, USA', 'Boerne, Texas, USA']","[{'lat': 31.9685988, 'lng': -99.9018131}, {'lat': 29.79466409999999, 'lng': -98.7319703}]",Drama,Mystery,Thriller
41735,tt6823368,Glass,US,,6.8,133793,Glass,Glass,2019,129.0,"Drama,Sci-Fi,Thriller","Jan 18, 2019","$20,000,000","$111,035,005","$245,303,505",12.26517525,"['Allentown State Hospital, 1600 Hanover Ave., Allentown, Pennsylvania, USA', 'Ontario Street Comic Book Shop, 2235 E. Ontario St., Philadelphia, Pennsylvania, USA', 'Porto Alegre, Brazil', '227 S 18th St, Philadelphia, Pennsylvania, USA', 'Pennsylvania, USA', 'USA']","[{'lat': 40.6153745, 'lng': -75.42987509999999}, {'lat': 39.9931412, 'lng': -75.1032944}, {'lat': -30.0346471, 'lng': -51.2176584}, {'lat': 39.9491222, 'lng': -75.170749}, {'lat': 41.2033216, 'lng': -77.1945247}, {'lat': 37.09024, 'lng': -95.712891}]",Drama,Sci-Fi,Thriller
42877,tt6450186,I Can Only Imagine,US,,7.4,11439,I Can Only Imagine,I Can Only Imagine,2018,110.0,"Biography,Drama,Family","Mar 16, 2018","$7,000,000","$83,482,352","$85,604,221",12.22917442857143,"['Oklahoma City, Oklahoma, USA', 'El Reno, Oklahoma, USA', 'Jones, Oklahoma, USA', 'Yukon, Oklahoma, USA', 'Del City, Oklahoma, USA', 'Bethany, Oklahoma, USA']","[{'lat': 35.4675602, 'lng': -97.5164276}, {'lat': 35.5322741, 'lng': -97.9550493}, {'lat': 35.5658936, 'lng': -97.2869781}, {'lat': 35.5067215, 'lng': -97.76254410000001}, {'lat': 35.4420062, 'lng': -97.4408698}, {'lat': 35.5186678, 'lng': -97.63226390000001}]",Biography,Drama,Family
7003,tt1544600,The Grace Card,US,,6.6,2488,The Grace Card,The Grace Card,2010,101.0,Drama,"Feb 25, 2011","$200,000","$2,430,735","$2,430,735",12.153675,"['Memphis, Tennessee, USA']","[{'lat': 35.1495343, 'lng': -90.0489801}]",Drama,,
33217,tt0790636,Dallas Buyers Club,US,,8.0,402462,Dallas Buyers Club,Dallas Buyers Club,2013,117.0,"Biography,Drama","Nov 1, 2013","$5,000,000","$27,298,285","$60,611,845",12.122369,"['New Orleans, Louisiana, USA']","[{'lat': 29.95106579999999, 'lng': -90.0715323}]",Biography,Drama,
14081,tt1549572,Another Earth,US,,7.0,85839,Another Earth,Another Earth,2011,92.0,"Drama,Romance,Sci-Fi","Jul 22, 2011","$175,000","$1,321,194","$2,102,779",12.01588,"['West Haven, Connecticut, USA', 'New Haven, Connecticut, USA']","[{'lat': 41.2705484, 'lng': -72.9469711}, {'lat': 41.308274, 'lng': -72.9278835}]",Drama,Romance,Sci-Fi
16113,tt2704210,All You Need Is Love,US,,6.8,9,All You Need Is Love,All You Need Is Love,2014,90.0,Documentary,"Oct 31, 2014","$300,000",$0,"$3,565,259",11.884196666666666,[],[],Documentary,,
25559,tt2582802,Whiplash,US,,8.5,616916,Whiplash,Whiplash,2014,106.0,"Drama,Music","Oct 10, 2014","$3,300,000","$13,092,006","$38,969,037",11.80879909090909,"['Santa Clarita, California, USA', 'Los Angeles, California, USA', 'Orpheum Theater - 842 South Broadway, Downtown, Los Angeles, California, USA']","[{'lat': 34.3916641, 'lng': -118.542586}, {'lat': 34.0522342, 'lng': -118.2436849}, {'lat': 34.0425, 'lng': -118.2555556}]",Drama,Music,
24876,tt0964517,The Fighter,US,,7.8,316539,The Fighter,The Fighter,2010,116.0,"Biography,Drama,Sport","Dec 10, 2010","$11,000,000","$93,617,009","$129,262,388",11.751126181818181,"['Lowell, Massachusetts, USA', 'Smith Street, between Westford and Branch, Lowell, Massachusetts, USA', ""Ramalho's West End Gym, Lawrence Street, Lowell, Massachusetts, USA"", 'S Anderson St & Artemus St, Los Angeles, California, USA', 'Lexington, Massachusetts, USA', 'Massachusetts, USA', 'Los Angeles, California, USA', 'USA', 'California, USA']","[{'lat': 42.6334247, 'lng': -71.31617179999999}, {'lat': 42.6337811, 'lng': -71.322721}, {'lat': 42.632492, 'lng': -71.30330649999999}, {'lat': 47.250062, 'lng': -122.472665}, {'lat': 42.4473497, 'lng': -71.2271531}, {'lat': 42.4072107, 'lng': -71.3824374}, {'lat': 34.0522342, 'lng': -118.2436849}, {'lat': 37.09024, 'lng': -95.712891}, {'lat': 36.778261, 'lng': -119.4179324}]",Biography,Drama,Sport
36641,tt3235888,It Follows,US,,6.9,182839,It Follows,It Follows,2014,100.0,"Horror,Mystery","Mar 13, 2015","$2,000,000","$14,674,077","$23,250,755",11.6253775,"['Redford Theatre, Detroit, Michigan, USA', ""Clark's Ice Cream and Yogurt, Berkley, Michigan, USA"", 'High Lift Building, Water Works Park, Detroit, Michigan, USA', 'Clawson High School, Clawson, Michigan, USA', 'Northville Psychiatric Hospital, Northville, Michigan, USA', 'University of Detroit - 4001 W. McNichols Road, Detroit, Michigan, USA', 'Sterling Heights, Michigan, USA', 'Trafalgar Way Sterling Heights, Michigan, USA', 'Detroit, Michigan, USA', 'Packard Plant, Detroit, Michigan, USA', 'Michigan, USA', 'Jaycee Park, Troy, Michigan, USA']","[{'lat': 42.4174271, 'lng': -83.2575454}, {'lat': 42.5032009, 'lng': -83.1926343}, {'lat': 42.3586502, 'lng': -82.9795303}, {'lat': 42.5355929, 'lng': -83.1481951}, {'lat': 42.4343119, 'lng': -83.4755551}, {'lat': 42.4141556, 'lng': -83.1379932}, {'lat': 42.5803122, 'lng': -83.0302033}, {'lat': 42.5784233, 'lng': -83.02345179999999}, {'lat': 42.331427, 'lng': -83.0457538}, {'lat': 42.3794008, 'lng': -83.028669}, {'lat': 44.3148443, 'lng': -85.60236429999999}, {'lat': 42.5925769, 'lng': -83.1147802}]",Horror,Mystery,
38290,tt4263482,The Witch,US,en,6.8,154278,The Witch,The VVitch: A New-England Folktale,2015,92.0,"Horror,Mystery","Feb 19, 2016","$3,500,000","$25,138,705","$40,454,520",11.558434285714286,"['Kiosk, Ontario, Canada']","[{'lat': 46.092898, 'lng': -78.885035}]",Horror,Mystery,
42289,tt6472976,Five Feet Apart,US,,7.2,10645,Five Feet Apart,Five Feet Apart,2019,116.0,"Drama,Romance","Mar 15, 2019","$7,000,000","$45,729,221","$80,504,421",11.500631571428572,"['New Orleans, Louisiana, USA']","[{'lat': 29.95106579999999, 'lng': -90.0715323}]",Drama,Romance,
16671,tt1866249,The Surrogate,US,,7.2,39731,The Sessions,The Sessions,2012,95.0,"Biography,Comedy,Drama","Oct 19, 2012","$1,000,000","$6,002,451","$11,495,204",11.495204,"['San Francisco, California, USA']","[{'lat': 37.7749295, 'lng': -122.4194155}]",Biography,Comedy,Drama
15473,tt1045658,Silver Linings Playbook,US,,7.7,621018,Silver Linings Playbook,Silver Linings Playbook,2012,122.0,"Comedy,Drama,Romance","Nov 16, 2012","$21,000,000","$132,092,958","$236,412,453",11.257735857142857,"['238 S. Madison Avenue, Upper Darby, Pennsylvania, USA', '6 South Swarthmore Avenue, Ridley Park, Pennsylvania, USA', '122 S. 8th. Street, Philadelphia, Pennsylvania, USA', 'Lincoln Financial Field - 1020 Pattison Avenue, Philadelphia, Pennsylvania, USA', 'Norristown State Hospital - 1001 Sterigere Street, Norristown, Pennsylvania, USA', '31 N. Lansdowne Avenue, Lansdowne, Pennsylvania, USA', '834 Chestnut Street, Philadelphia, Pennsylvania, USA', 'Llanerch - 95 E. Township Line Road, Upper Darby, Pennsylvania, USA', 'Bonner & Prendergast Catholic High School - 403 N. Lansdowne Avenue, Drexel Hill, Pennsylvania, USA', 'USA', '1046 Villanova Avenue, Swarthmore, Pennsylvania, USA', 'Delaware, USA']","[{'lat': 39.9634028, 'lng': -75.28165150000001}, {'lat': 39.8757672, 'lng': -75.3199966}, {'lat': 39.9487723, 'lng': -75.1543003}, {'lat': 39.900789, 'lng': -75.1674341}, {'lat': 40.1316746, 'lng': -75.3442802}, {'lat': 39.939393, 'lng': -75.2721519}, {'lat': 39.9493831, 'lng': -75.1551309}, {'lat': 39.9689079, 'lng': -75.2929516}, {'lat': 46.8694494, 'lng': -113.8724093}, {'lat': 37.09024, 'lng': -95.712891}, {'lat': 39.8947245, 'lng': -75.3352737}, {'lat': 38.9108325, 'lng': -75.52766989999999}]",Comedy,Drama,Romance
13472,tt1637725,Ted,US,,6.9,538367,Ted,Ted,2012,106.0,"Comedy,Fantasy","Jun 29, 2012","$50,000,000","$218,665,740","$556,016,627",11.12033254,"['The Midtown Hotel, Huntington Avenue, Boston, Massachusetts, USA', 'Esplanade, Boston, Massachusetts, USA', 'Chandler Street, South End, Boston, Massachusetts, USA', '48 Chestnut St, Chelsea, Massachusetts, USA', 'Fenway Park - 4 Jersey Street, Boston, Massachusetts, USA', 'New England Aquarium - Central Wharf, Boston, Massachusetts, USA', '46 Atlantic Avenue, Swampscott, Massachusetts, USA', 'Boston Common, Boston, Massachusetts, USA', '157 Hawthone Street, Chelsea, Massachusetts, USA', '83 Broadway, Chelsea, Massachusetts, USA', '183 Massachusetts Avenue, Boston, Massachusetts, USA', 'Chelsea, Massachusetts, USA', 'Norwood, Massachusetts, USA', 'Boston, Massachusetts, USA', 'Massachusetts, USA', 'National Aquarium - Baltimore, Maryland, USA', 'Venu - 100 Warrenton Street, Boston, Massachusetts, USA', 'USA', '129 Albemarle Road, Norwood, Massachusetts, USA', 'Sorellina - 1 Huntington Avenue, Boston, Massachusetts, USA', 'Gaslight Brasserie - 560 Harrison Avenue, Boston, Massachusetts, USA', 'Union United Methodist Church - 485 Columbus Avenue, Boston, Massachusetts, USA']","[{'lat': 42.3437118, 'lng': -71.0833588}, {'lat': 42.3556187, 'lng': -71.0788876}, {'lat': 42.3467364, 'lng': -71.0718314}, {'lat': 42.3894272, 'lng': -71.0422785}, {'lat': 42.3466764, 'lng': -71.0972178}, {'lat': 42.3591346, 'lng': -71.0497542}, {'lat': 42.4719387, 'lng': -70.8930326}, {'lat': 42.3554331, 'lng': -71.0640442}, {'lat': 42.39203639999999, 'lng': -71.0342229}, {'lat': 42.3881075, 'lng': -71.0422177}, {'lat': 42.3455392, 'lng': -71.0871356}, {'lat': 42.3917638, 'lng': -71.0328284}, {'lat': 42.19439089999999, 'lng': -71.19896949999999}, {'lat': 42.3600825, 'lng': -71.0588801}, {'lat': 42.4072107, 'lng': -71.3824374}, {'lat': 39.2853928, 'lng': -76.6083984}, {'lat': 42.350758, 'lng': -71.0662}, {'lat': 37.09024, 'lng': -95.712891}, {'lat': 42.1915826, 'lng': -71.2286963}, {'lat': 42.348811, 'lng': -71.07786}, {'lat': 42.3408017, 'lng': -71.0676489}, {'lat': 42.343135, 'lng': -71.079137}]",Comedy,Fantasy,
45063,tt5462602,The Big Sick,US,,7.6,104008,The Big Sick,The Big Sick,2017,120.0,"Comedy,Drama,Romance","Jun 23, 2017","$5,000,000","$42,872,467","$53,972,860",10.794572,"['Chicago, Illinois, USA']","[{'lat': 41.8781136, 'lng': -87.6297982}]",Comedy,Drama,Romance
17403,tt2283362,Jumanji: Welcome to the Jungle,US,,7.0,242735,Jumanji: Welcome to the Jungle,Jumanji: Welcome to the Jungle,2017,119.0,"Action,Adventure,Comedy","Dec 20, 2017","$90,000,000","$404,508,916","$964,496,193",10.716624366666666,"['Honolulu, Hawaii, USA', 'Hilo, Hawaii, USA', 'Atlanta Metro Studios, Union City, Georgia, USA', 'Hawaii, USA', 'Santa Clarita, California, USA', 'Westlake High School, 2400 Union Rd SW, Atlanta, Georgia, USA', '1646 Friar Tuck Rd NE, Atlanta, Georgia, USA', 'Atlanta, Georgia, USA', 'Georgia, USA', 'USA']","[{'lat': 21.3069444, 'lng': -157.8583333}, {'lat': 19.7241106, 'lng': -155.0868193}, {'lat': 33.5700697, 'lng': -84.5357744}, {'lat': 19.8967662, 'lng': -155.5827818}, {'lat': 34.3916641, 'lng': -118.542586}, {'lat': 33.6892491, 'lng': -84.57580349999999}, {'lat': 33.7995897, 'lng': -84.3789901}, {'lat': 33.7489954, 'lng': -84.3879824}, {'lat': 32.1656221, 'lng': -82.9000751}, {'lat': 37.09024, 'lng': -95.712891}]",Action,Adventure,Comedy
39161,tt4876464,Rosemary's Baby,US,,7.7,14,Rosemary's Baby,Rosemary's Baby,2015,48.0,Comedy,"Jun 12, 1968","$3,200,000","$33,395,426","$33,395,426",10.436070625,"['Chicago, Illinois, USA']","[{'lat': 41.8781136, 'lng': -87.6297982}]",Comedy,,
36798,tt2674426,Me Before You,US,,7.4,174567,Me Before You,Me Before You,2016,106.0,"Drama,Romance","Jun 3, 2016","$20,000,000","$56,245,075","$208,265,198",10.4132599,"['Pembroke Castle, Pembrokeshire, Wales, UK', 'Barceló Formentor Hotel, Puerto de Pollensa, Mallorca, Balearic Islands, Spain', 'Sandown Park, Surrey, England, UK', 'Chenies Manor House, Chenies, Buckinghamshire, England, UK', 'Pinewood Studios, Iver Heath, Buckinghamshire, England, UK', 'Paris, France', 'Paris, France', 'Pembroke, Pembrokeshire, Wales, UK']","[{'lat': 51.6769031, 'lng': -4.920533799999999}, {'lat': 39.9265788, 'lng': 3.1441509}, {'lat': 51.3733817, 'lng': -0.3619987}, {'lat': 51.6744742, 'lng': -0.5332743999999999}, {'lat': 51.5487876, 'lng': -0.5322406}, {'lat': 48.856614, 'lng': 2.3522219}, {'lat': 48.856614, 'lng': 2.3522219}, {'lat': 51.674043, 'lng': -4.908637}]",Drama,Romance,
24637,tt1706593,Chronicle,US,,7.1,229258,Chronicle,Chronicle,2012,84.0,"Drama,Sci-Fi,Thriller","Feb 3, 2012","$12,000,000","$64,575,175","$123,681,790",10.306815833333333,"['Cape Town Film Studios, Cape Town, Western Cape, South Africa', 'Killarney Secondary School, Vancouver, British Columbia, Canada', 'Artscape Theater, D F Malan Street, Cape Town, Western Cape, South Africa', 'Seattle, Washington, USA', 'Vancouver, British Columbia, Canada', 'British Columbia, Canada', 'Canada', 'South Africa', 'USA']","[{'lat': -34.0281186, 'lng': 18.7180803}, {'lat': 49.2252683, 'lng': -123.0448879}, {'lat': -33.9199994, 'lng': 18.4305044}, {'lat': 47.6062095, 'lng': -122.3320708}, {'lat': 49.2827291, 'lng': -123.1207375}, {'lat': 53.7266683, 'lng': -127.6476205}, {'lat': 56.130366, 'lng': -106.346771}, {'lat': -30.559482, 'lng': 22.937506}, {'lat': 37.09024, 'lng': -95.712891}]",Drama,Sci-Fi,Thriller
19002,tt1999192,Kevin Hart: Laugh at My Pain,US,,7.4,5081,Kevin Hart: Laugh at My Pain,Kevin Hart: Laugh at My Pain,2011,89.0,"Comedy,Documentary","Sep 9, 2011","$750,000","$7,706,436","$7,712,436",10.283248,[],[],Comedy,Documentary,
10147,tt1790864,The Maze Runner,US,,6.8,387038,The Maze Runner,The Maze Runner,2014,113.0,"Action,Mystery,Sci-Fi","Sep 19, 2014","$34,000,000","$102,427,862","$348,319,861",10.244701794117647,"['Baton Rouge, Louisiana, USA', 'Jackson, Louisiana, USA', 'Plantation Village Studios - 4626 Highway 68, Jackson, Louisiana, USA']","[{'lat': 30.4514677, 'lng': -91.18714659999999}, {'lat': 30.8374036, 'lng': -91.2176087}, {'lat': 30.79080059999999, 'lng': -91.21251869999999}]",Action,Mystery,Sci-Fi
44381,tt5580390,The Shape of Water,US,en,7.3,308112,The Shape of Water,The Shape of Water,2017,123.0,"Adventure,Drama,Fantasy","Dec 1, 2017","$19,500,000","$63,859,435","$195,790,794",10.040553538461538,"['Hamilton, Ontario, Canada', '1132 Dundas Street West, Toronto, Ontario, Canada', 'Toronto, Ontario, Canada', 'Elgin Theatre, Toronto, Ontario, Canada', 'Massey Hall, Toronto, Ontario, Canada', 'Hamilton City Hall - 71 Main St W, Hamilton, ON, Canada', 'Cinespace Studios, Toronto, Ontario, Canada', 'Ontario, Canada', 'Canada', 'Keating Channel, Toronto, Ontario, Canada', 'University of Toronto Scarborough, Scarborough, Toronto, Ontario, Canada', '179 S MacNab Street, Hamilton, Ontario, Canada', '800 Strathearne Avenue, Hamilton, Ontario, Canada']","[{'lat': 43.2557206, 'lng': -79.8711024}, {'lat': 43.6495907, 'lng': -79.4203852}, {'lat': 43.653226, 'lng': -79.3831843}, {'lat': 43.6530164, 'lng': -79.3793958}, {'lat': 43.6539931, 'lng': -79.37897799999999}, {'lat': 43.2555235, 'lng': -79.8732005}, {'lat': 43.6305989, 'lng': -79.5294892}, {'lat': 51.253775, 'lng': -85.323214}, {'lat': 56.130366, 'lng': -106.346771}, {'lat': 43.6484232, 'lng': -79.35232409999999}, {'lat': 43.7839243, 'lng': -79.1874065}, {'lat': 43.2514058, 'lng': -79.87290829999999}, {'lat': 43.2686766, 'lng': -79.7872501}]",Adventure,Drama,Fantasy
40968,tt5804038,Remember This House,US,,7.8,13948,I Am Not Your Negro,I Am Not Your Negro,2016,93.0,Documentary,"Feb 3, 2017","$1,000,000","$7,123,919","$9,617,402",9.617402,[],[],Documentary,,
25633,tt1282140,Easy A,US,,7.1,330125,Easy A,Easy A,2010,92.0,"Comedy,Drama,Romance","Sep 17, 2010","$8,000,000","$58,401,464","$76,200,721",9.525090125,"['Ojai, California, USA', '300 Longhorn Lane, Ojai, California, USA', 'Shelf Road, Ojai, California, USA', 'California, USA', 'Nordhoff High School - 1401 Maricopa Hwy, Ojai, California, USA', 'Libbey Park, Ojai, California, USA', 'Ojai Presbyterian Church - 304 Foothill Rd, Ojai, California, USA', ""Carrow's Restaurant - 211 West Ojai Avenue, Ojai, California, USA"", 'Ojai Coffee Roasting Co - 337 E Ojai Ave, Ojai, California, USA', '574 W Villanova Rd, Ojai, California, USA', 'USA', 'Ojai Playhouse - 145 E Ojai Ave, Ojai, California, USA', ""Bart's Books - 302 West Matilija Street, Ojai, California, USA""]","[{'lat': 34.4480495, 'lng': -119.242889}, {'lat': 34.4406182, 'lng': -119.2461981}, {'lat': 34.464602, 'lng': -119.2370228}, {'lat': 36.778261, 'lng': -119.4179324}, {'lat': 34.4420379, 'lng': -119.2659043}, {'lat': 34.4464519, 'lng': -119.2454151}, {'lat': 34.44953, 'lng': -119.253175}, {'lat': 34.4471743, 'lng': -119.2488831}, {'lat': 34.447662, 'lng': -119.243769}, {'lat': 34.4262781, 'lng': -119.2846231}, {'lat': 37.09024, 'lng': -95.712891}, {'lat': 34.4476459, 'lng': -119.2461239}, {'lat': 34.4486398, 'lng': -119.2498702}]",Comedy,Drama,Romance
3280,tt1621045,Think Like a Man,US,,6.6,41043,Think Like a Man,Think Like a Man,2012,122.0,"Comedy,Romance","Apr 20, 2012","$12,000,000","$91,547,205","$113,373,764",9.447813666666667,"['Barnes & Noble - 10850 W Pico Blvd, Los Angeles, California, USA', 'Akasha Restaurant - 9543 Culver Blvd, Culver City, California, USA', 'Rush Street - 9546 Culver Blvd, Culver City, California, USA', 'Culver City High School - 4401 Elenda Street, Culver City, California, USA', 'Kirk Douglas Theatre - 9820 W Washington Blvd, Culver City, California, USA', 'S Grand Ave & W Olympic Blvd, Los Angeles, California, USA', 'Santa Monica Pier, Santa Monica, California, USA', 'Los Angeles, California, USA', 'Sony Pictures Studios - 10202 W. Washington Blvd., Culver City, California, USA']","[{'lat': 37.0464855, 'lng': -95.64769509999999}, {'lat': 34.0229833, 'lng': -118.3955417}, {'lat': 34.0230817, 'lng': -118.3948204}, {'lat': 34.0068446, 'lng': -118.4013141}, {'lat': 34.0216065, 'lng': -118.3969711}, {'lat': 34.0543907, 'lng': -118.2499473}, {'lat': 34.0099215, 'lng': -118.4960063}, {'lat': 34.0522342, 'lng': -118.2436849}, {'lat': 34.017707, 'lng': -118.4014313}]",Comedy,Romance,
16728,tt2179136,American Sniper,US,,7.3,401915,American Sniper,American Sniper,2014,133.0,"Action,Biography,Drama","Dec 25, 2014","$58,000,000","$350,126,372","$547,326,372",9.436661586206897,"['Northridge, Los Angeles, California, USA', ""O'Malleys Pub , Seal Beach, California, USA"", 'El Centro, California, USA', 'Salé, Morroco', 'Marina del Rey, California, USA', 'San Bernardino International Airport - 294 S. Leland Norton Way, San Bernardino, California, USA', 'Blue Cloud Movie Ranch - 20000 Blue Cloud Road, Santa Clarita, California, USA', 'Los Angeles, California, USA', 'Oceanside, California, USA', 'Seal Beach Pier, Main Street, Seal Beach, California, USA', 'Davis Bros Tire Pros - Culver City, California, USA', 'Santa Clarita, California, USA', 'Westchester Parkway, Los Angeles, California, USA', 'Daniel Freeman Regional Medical Center - 333 North Prairie Avenue, Inglewood, California, USA', 'Los Angeles National Cemetery - 950 S Sepulveda Blvd., Los Angeles, California, USA', 'Highland Park, Los Angeles, California, USA']","[{'lat': 34.2381251, 'lng': -118.530123}, {'lat': 33.7409861, 'lng': -118.1047766}, {'lat': 32.792, 'lng': -115.5630514}, {'lat': 34.0336969, 'lng': -6.770813800000001}, {'lat': 33.9802893, 'lng': -118.4517449}, {'lat': 34.1008124, 'lng': -117.2468314}, {'lat': 34.4699689, 'lng': -118.4848877}, {'lat': 34.0522342, 'lng': -118.2436849}, {'lat': 33.1958696, 'lng': -117.3794834}, {'lat': 33.7398685, 'lng': -118.1059304}, {'lat': 34.0325191, 'lng': -118.3750657}, {'lat': 34.3916641, 'lng': -118.542586}, {'lat': 33.9537469, 'lng': -118.4126206}, {'lat': 33.9657419, 'lng': -118.3442772}, {'lat': 34.061907, 'lng': -118.454024}, {'lat': 34.1154946, 'lng': -118.1843898}]",Action,Biography,Drama
43463,tt3863552,Brother Bajrangi,US,,8.0,63747,Bajrangi Bhaijaan,Bajrangi Bhaijaan,2015,163.0,"Action,Comedy,Drama","Jul 17, 2015","$13,000,000","$8,178,001","$121,778,347",9.367565153846154,[],[],Action,Comedy,Drama
41780,tt4846340,Hidden Figures,US,,7.8,171131,Hidden Figures,Hidden Figures,2016,127.0,"Biography,Drama,History","Dec 25, 2016","$25,000,000","$169,607,287","$231,771,716",9.27086864,"['East Point, Georgia, USA', 'Morehouse College, Atlanta Georgia, USA', 'Canton, Georgia, USA', 'Monroe, Georgia, USA', 'Atlanta, Georgia, USA', 'Columbus, Georgia, USA', 'Madison, Georgia, USA', 'Norcross, Georgia, USA', 'Emory University - 201 Dowman Drive, Atlanta, Georgia, USA', 'Marietta, Georgia, USA']","[{'lat': 33.6795531, 'lng': -84.43937240000001}, {'lat': 33.7473412, 'lng': -84.415528}, {'lat': 34.2367621, 'lng': -84.4907621}, {'lat': 33.7948364, 'lng': -83.713229}, {'lat': 33.7489954, 'lng': -84.3879824}, {'lat': 32.4609764, 'lng': -84.9877094}, {'lat': 33.5956813, 'lng': -83.467944}, {'lat': 33.9412127, 'lng': -84.2135309}, {'lat': 33.7894903, 'lng': -84.3267716}, {'lat': 33.95260200000001, 'lng': -84.5499327}]",Biography,Drama,History
3456,tt1667889,Ice Age 4,US,,6.6,175601,Ice Age: Continental Drift,Ice Age: Continental Drift,2012,88.0,"Adventure,Animation,Comedy","Jul 13, 2012","$95,000,000","$161,321,843","$879,765,137",9.26068565263158,"['Chicago Illinois, USA']","[{'lat': 41.8781136, 'lng': -87.6297982}]",Adventure,Animation,Comedy
9758,tt2516968,Step Up,US,,7.7,59,Step Up,Step Up,2012,55.0,"Biography,Documentary,Drama","Aug 11, 2006","$12,000,000","$65,328,121","$110,989,157",9.249096416666667,[],[],Biography,Documentary,Drama
41839,tt4034228,Manchester by the Sea,US,,7.8,214557,Manchester by the Sea,Manchester by the Sea,2016,137.0,Drama,"Nov 18, 2016","$8,500,000","$47,695,371","$77,733,867",9.145160823529412,"['Manchester-by-the-Sea, Massachusetts, USA', 'Beverly, Massachusetts, USA', 'Lynn, Massachusetts, USA', 'Manchester Essex Regional Middle High School, Manchester, Massachusetts, USA', 'Bakers Island Light Station, Manchester-by-the-Sea, Massachusetts, USA', 'Beverly Hospital, Beverly, Massachusetts, USA', 'Talbot Rink, Gloucester, Massachusetts, USA', 'Essex, Massachusetts, USA', 'Rosedale Cemetery, School Street, Manchester-by-the-Sea, Massachusetts, USA', 'Salem, Massachusetts, USA', 'Rockport, Massachusetts, USA', ""Fibber McGee's Bar and Grill, 102 Talbot Street, Beverly, Massachusetts, USA"", ""Pratty's Bar, 10 Parker Street, Gloucester, Massachusetts, USA"", 'Cupoli Michael III Law Office Of Lawyer, 48 Central Street, Manchester-by-the-Sea, Massachusetts, USA', 'Grondin Funeral Home, 376 Cabot Street, Beverly, Massachusetts, USA', 'Route 128, Beverly, Massachusetts, USA', 'Beacon Marine Basin, Gloucester, Massachusets, USA', 'Gloucester, Massachusetts, USA', 'Quincy, Massachusetts, USA', 'Cape Ann, Massachusetts, USA', ""Rose's Marine, 375 Main St, Gloucester, Massachusetts, USA"", 'Herrick Ct, Gloucester, Massachusetts, USA']","[{'lat': 42.577834, 'lng': -70.7675967}, {'lat': 42.5584283, 'lng': -70.880049}, {'lat': 42.46676300000001, 'lng': -70.9494938}, {'lat': 42.582067, 'lng': -70.76624699999999}, {'lat': 42.5364725, 'lng': -70.7859975}, {'lat': 42.5644962, 'lng': -70.8758405}, {'lat': 42.6289511, 'lng': -70.67290670000001}, {'lat': 42.63195820000001, 'lng': -70.7829315}, {'lat': 42.5826377, 'lng': -70.7698688}, {'lat': 42.51954, 'lng': -70.8967155}, {'lat': 42.6556505, 'lng': -70.620363}, {'lat': 42.545454, 'lng': -70.88063799999999}, {'lat': 42.6163342, 'lng': -70.6497018}, {'lat': 42.5745051, 'lng': -70.7704167}, {'lat': 42.5572477, 'lng': -70.8791767}, {'lat': 42.5750263, 'lng': -70.8776663}, {'lat': 42.6078113, 'lng': -70.6516158}, {'lat': 42.6159285, 'lng': -70.6619888}, {'lat': 42.2528772, 'lng': -71.0022705}, {'lat': 42.648611, 'lng': -70.5930556}, {'lat': 42.6162771, 'lng': -70.65334659999999}, {'lat': 42.616862, 'lng': -70.65499249999999}]",Drama,,
41198,tt4727712,Book Club,US,,6.6,9,Book Club,Book Club,2015,72.0,Documentary,"May 18, 2018","$10,000,000","$68,566,296","$91,113,683",9.1113683,[],[],Documentary,,
34366,tt0842926,The Kids Are All Right,US,,7.0,120656,The Kids Are All Right,The Kids Are All Right,2010,106.0,"Comedy,Drama,Romance","Jul 9, 2010","$4,000,000","$20,811,365","$36,275,469",9.06886725,"['Los Angeles, California, USA', 'Occidental College - 1600 Campus Road, Eagle Rock, Los Angeles, California, USA']","[{'lat': 34.0522342, 'lng': -118.2436849}, {'lat': 34.1273187, 'lng': -118.2101144}]",Comedy,Drama,Romance
20489,tt2024544,Twelve Years a Slave,US,,8.1,577301,12 Years a Slave,12 Years a Slave,2013,134.0,"Biography,Drama,History","Oct 18, 2013","$20,000,000","$56,671,993","$181,025,343",9.05126715,"[""Madame John's Legacy, the French Quarter, New Orleans, Louisiana, USA"", 'Felicity Plantation, Vacherie, Louisiana, USA', 'Magnolia Plantation - Highway 311, Schriever, Louisiana, USA', 'St. Joseph Plantation, Louisiana, USA', 'Audubon Park, New Orleans, Louisiana, USA', 'New Orleans, Louisiana, USA', 'Bocage Plantation, Darrow, Louisiana, USA', 'Urbania, Lower Garden District, New Orleans, Louisiana, USA', 'Columns Hotel - 3811 St Charles Avenue, New Orleans, Louisiana, USA', 'Destrehan, Louisiana, USA', 'Magnolia Lane Plantation - 2141 River Rd, Bridge City, Louisiana, USA', 'Louisiana, USA', 'USA']","[{'lat': 29.960484, 'lng': -90.063653}, {'lat': 30.0059865, 'lng': -90.77226019999999}, {'lat': 29.7144803, 'lng': -90.81615590000001}, {'lat': 30.0059865, 'lng': -90.77226019999999}, {'lat': 29.93412829999999, 'lng': -90.12390769999999}, {'lat': 29.95106579999999, 'lng': -90.0715323}, {'lat': 30.140658, 'lng': -90.935071}, {'lat': 29.9348549, 'lng': -90.06965860000001}, {'lat': 29.9272176, 'lng': -90.096144}, {'lat': 29.9429828, 'lng': -90.3517469}, {'lat': 29.9498563, 'lng': -90.1533281}, {'lat': 30.9842977, 'lng': -91.96233269999999}, {'lat': 37.09024, 'lng': -95.712891}]",Biography,Drama,History
25774,tt1478338,Bridesmaids,US,,6.8,249501,Bridesmaids,Bridesmaids,2011,125.0,"Comedy,Romance","May 13, 2011","$32,500,000","$169,211,718","$289,632,023",8.911754553846153,"['2501 South Kinnickinnic Avenue, Milwaukee, Wisconsin, USA', 'Oxnard, California, USA', 'Milwaukee, Wisconsin, USA', '1009 W Mitchell St, Milwaukee, Wisconsin, USA', '3218 West Cameron Avenue, Milwaukee, Wisconsin, USA', 'West Gonzales Road, Oxnard, California, USA', '300 San Juan Avenue, Venice, California, USA', 'Air Hollywood - 13240 Weidner Street, Pacoima, Los Angeles, California, USA', 'Sherwood Country Club - 320 West Stafford Road, Thousand Oaks, California, USA', 'Spring Street Towers - 650 S. Spring Street, Downtown, Los Angeles, California, USA', '14627 Crenshaw Blvd, Gardena, California, USA', 'Los Angeles County Arboretum & Botanic Garden - 301 N. Baldwin Avenue, Arcadia, California, USA', 'Orange, California, USA', '3722 Sapphire Drive, Encino, California, USA', '14032 Oxnard Street, Van Nuys, California, USA', 'Redwood Bar & Grill - 316 West 2nd St., Los Angeles, California, USA', '380 South San Rafael Avenue, Pasadena, California, USA', '23418 8th Street, Santa Clarita, California, USA', '23425 8th Street, Santa Clarita, California, USA', 'Paramount Studios - 5555 Melrose Avenue, Hollywood, Los Angeles, California, USA', 'Santa Clarita, California, USA', 'Chicago, Illinois, USA', '24347 Main Street, Santa Clarita, California, USA', 'Los Angeles, California, USA']","[{'lat': 42.9991954, 'lng': -87.9013935}, {'lat': 34.1975048, 'lng': -119.1770516}, {'lat': 43.0389025, 'lng': -87.9064736}, {'lat': 43.0121066, 'lng': -87.924495}, {'lat': 43.1074754, 'lng': -87.9535473}, {'lat': 34.2193599, 'lng': -119.2140775}, {'lat': 33.9908299, 'lng': -118.4704984}, {'lat': 34.2739153, 'lng': -118.4220376}, {'lat': 34.1319949, 'lng': -118.8846631}, {'lat': 34.0455701, 'lng': -118.2509263}, {'lat': 33.89861, 'lng': -118.3270404}, {'lat': 34.1440502, 'lng': -118.0513836}, {'lat': 33.7879139, 'lng': -117.8531007}, {'lat': 34.1383176, 'lng': -118.4864999}, {'lat': 34.1791726, 'lng': -118.4389023}, {'lat': 34.0527311, 'lng': -118.2474087}, {'lat': 34.1374076, 'lng': -118.1700253}, {'lat': 34.3731141, 'lng': -118.5406515}, {'lat': 34.3734545, 'lng': -118.5408795}, {'lat': 34.0836571, 'lng': -118.3193436}, {'lat': 34.3916641, 'lng': -118.542586}, {'lat': 41.8781136, 'lng': -87.6297982}, {'lat': 34.3796799, 'lng': -118.529079}, {'lat': 34.0522342, 'lng': -118.2436849}]",Comedy,Romance,
8305,tt1033575,The Descendants,US,,7.3,223464,The Descendants,The Descendants,2011,115.0,"Comedy,Drama","Nov 16, 2011","$20,000,000","$82,624,961","$175,507,800",8.77539,"[""Hanalei, Kaua'i, Hawaii, USA"", ""Kaua'i, Hawaii, USA"", ""Lihue Airport - 3901 Mokulele Loop, Lihue, Kaua'i, Hawaii, USA"", ""Honolulu, O'ahu, Hawaii, USA"", ""Kipu Ranch, Lihue, Kaua'i, Hawaii, USA"", 'USA', 'Hawaii, USA', ""St. Francis Medical Center - 2230 Liliha Street, Honolulu, O'ahu, Hawaii, USA"", ""3849 Old Pali Road, Honolulu, O'ahu, Hawaii, USA"", ""155 Dowsett Avenue, Honolulu, O'ahu, Hawaii, USA"", ""2933 Kalakaua Avenue, Honolulu, O'ahu, Hawaii, USA"", ""4328 Papu Circle, Honolulu, O'ahu, Hawaii, USA"", ""4420 Aukai Avenue, Honolulu, O'ahu, Hawaii, USA"", ""Princeville Resort Kauai - 5520 Ka Haku Road, Princeville, Kaua'i, Hawaii, USA"", ""55-190 Kamehameha Hwy, Laie, O'ahu, Hawaii, USA"", ""Waikiki, O'ahu, Hawaii, USA""]","[{'lat': 22.2033221, 'lng': -159.4977455}, {'lat': 22.0964396, 'lng': -159.5261238}, {'lat': 21.9780622, 'lng': -159.3490126}, {'lat': 21.3069444, 'lng': -157.8583333}, {'lat': 21.950525, 'lng': -159.4215815}, {'lat': 37.09024, 'lng': -95.712891}, {'lat': 19.8967662, 'lng': -155.5827818}, {'lat': 21.3295847, 'lng': -157.8527518}, {'lat': 21.3469047, 'lng': -157.8252622}, {'lat': 21.3374752, 'lng': -157.8329002}, {'lat': 21.2613844, 'lng': -157.8209775}, {'lat': 21.2583155, 'lng': -157.794082}, {'lat': 21.2622478, 'lng': -157.7897042}, {'lat': 22.2210015, 'lng': -159.4970711}, {'lat': 21.6308778, 'lng': -157.9225124}, {'lat': 21.2822932, 'lng': -157.8310083}]",Comedy,Drama,
19644,tt1945037,Begin Again,US,,7.0,57,Begin Again,Begin Again,2013,68.0,"Drama,Family","Jun 27, 2014","$8,000,000","$16,170,632","$68,838,736",8.604842,"['Salt Lake City, Utah, USA']","[{'lat': 40.7607793, 'lng': -111.8910474}]",Drama,Family,
19670,tt1980929,Begin Again,US,,7.4,129884,Begin Again,Begin Again,2013,104.0,"Comedy,Drama,Music","Jun 27, 2014","$8,000,000","$16,170,632","$68,838,736",8.604842,"['Meatpacking District, Manhattan, New York City, New York, USA', 'Washington Square Park, Greenwich Village, Manhattan, New York City, New York, USA', 'Lower East Side, Manhattan, New York City, New York, USA', 'Brooklyn, New York City, New York, USA', ""Gary's Loft - 28 W 36th St, Manhattan, New York, USA"", 'East River Bikeway, Manhattan, New York, USA', 'Broad Street Subway Station, Financial District, Manhattan, New York, USA', 'Delaney Street-Essex Street Subway Station, Lower East Side, , Manhattan, New York, USA', '14th Street-Union Square Subway Station, East 14th Street, Park Avenue & Broadway, Manhattan, New York, USA', 'Gramercy Theatre - 127 East 23rd Street, Manhattan, New York City, New York, USA', ""Schiller's Liquor Bar, 131 Rivington Street, New York City, New York, USA""]","[{'lat': 40.7409865, 'lng': -74.0076108}, {'lat': 40.7308838, 'lng': -73.997332}, {'lat': 40.715033, 'lng': -73.9842724}, {'lat': 40.6781784, 'lng': -73.9441579}, {'lat': 40.7501472, 'lng': -73.9852528}, {'lat': 40.7099616, 'lng': -73.9898305}, {'lat': 40.7070097, 'lng': -74.0107831}, {'lat': 40.7185592, 'lng': -73.9881894}, {'lat': 40.7345371, 'lng': -73.99032350000002}, {'lat': 40.7398753, 'lng': -73.9849625}, {'lat': 40.719352, 'lng': -73.986694}]",Comedy,Drama,Music
25805,tt1636826,Project X,US,,6.7,177782,Project X,Project X,2012,88.0,Comedy,"Mar 2, 2012","$12,000,000","$54,731,865","$103,028,188",8.585682333333333,"['Los Angeles, California, USA', 'Blondie Street, Columbia/Warner Bros. Ranch - 411 North Hollywood Way, Burbank, California, USA']","[{'lat': 34.0522342, 'lng': -118.2436849}, {'lat': 34.1578705, 'lng': -118.3441702}]",Comedy,,
34887,tt1116184,Jackass 3D,US,,7.0,53289,Jackass 3D,Jackass 3D,2010,95.0,"Action,Comedy,Documentary","Oct 15, 2010","$20,000,000","$117,229,692","$171,685,793",8.58428965,"['Santa Clarita, California, USA']","[{'lat': 34.3916641, 'lng': -118.542586}]",Action,Comedy,Documentary
20432,tt1781922,The Coup,US,,6.8,70222,No Escape,No Escape,2015,103.0,"Action,Thriller","Aug 26, 2015","$5,000,000","$27,288,872","$42,844,516",8.5689032,"['Chiang Mai, Thailand', 'Lampang, Thailand', 'The Imperial Mae Ping Hotel, Chang Mai', 'Cambodia', 'Thailand']","[{'lat': 18.7883439, 'lng': 98.98530079999999}, {'lat': 18.2855395, 'lng': 99.5127895}, {'lat': 18.782898, 'lng': 98.99801699999999}, {'lat': 12.565679, 'lng': 104.990963}, {'lat': 15.870032, 'lng': 100.992541}]",Action,Thriller,
8707,tt1454029,The Help,US,,8.1,392699,The Help,The Help,2011,146.0,Drama,"Aug 10, 2011","$25,000,000","$169,705,587","$213,120,004",8.52480016,"['Greenwood, Mississippi, USA', 'Jackson, Mississippi, USA', 'Clarksdale, Mississippi, USA']","[{'lat': 33.5162315, 'lng': -90.1795281}, {'lat': 32.2987573, 'lng': -90.1848103}, {'lat': 34.2001086, 'lng': -90.5709323}]",Drama,,
3102,tt2294629,Frozen,US,,7.5,516998,Frozen,Frozen,2013,102.0,"Adventure,Animation,Comedy","Nov 22, 2013","$150,000,000","$400,738,009","$1,272,469,910",8.483132733333333,"['Walt Disney Animation Studios - 2100 W Riverside Drive, Burbank, California, USA', 'Norway, Norge']","[{'lat': 34.1555974, 'lng': -118.3230868}, {'lat': 60.47202399999999, 'lng': 8.468945999999999}]",Adventure,Animation,Comedy
2492,tt1392170,Artemis,US,,7.2,795227,The Hunger Games,The Hunger Games,2012,142.0,"Action,Adventure,Sci-Fi","Mar 23, 2012","$80,000,000","$408,010,692","$677,923,379",8.4740422375,"['Shelby, North Carolina, USA', 'Pisgah National Forest, North Carolina, USA', 'Asheville, North Carolina, USA', 'Concord, North Carolina, USA', 'Charlotte, North Carolina, USA', 'Hildebran, North Carolina, USA', 'North Fork Reservoir, North Carolina, USA', 'Knight Theatre, Charlotte, North Carolina, USA', 'Black Mountain, North Carolina, USA', 'North Carolina, USA', 'DuPont State Forest, North Carolina, USA', 'Barnardsville, North Carolina, USA', 'Cedar Mountain, North Carolina, USA', 'USA']","[{'lat': 35.2923513, 'lng': -81.5356463}, {'lat': 35.2847473, 'lng': -82.7270293}, {'lat': 35.5950581, 'lng': -82.5514869}, {'lat': 35.4087517, 'lng': -80.579511}, {'lat': 35.2270869, 'lng': -80.8431267}, {'lat': 35.7140208, 'lng': -81.42203339999999}, {'lat': 35.6633219, 'lng': -82.34441749999999}, {'lat': 35.2248305, 'lng': -80.847842}, {'lat': 35.6178951, 'lng': -82.3212302}, {'lat': 35.7595731, 'lng': -79.01929969999999}, {'lat': 35.18997969999999, 'lng': -82.60345269999999}, {'lat': 35.7776007, 'lng': -82.4548124}, {'lat': 35.1434499, 'lng': -82.6429035}, {'lat': 37.09024, 'lng': -95.712891}]",Action,Adventure,Sci-Fi
41984,tt3470600,Sing,US,,7.1,115951,Sing,Sing,2016,108.0,"Animation,Comedy,Family","Dec 21, 2016","$75,000,000","$270,329,045","$634,454,789",8.459397186666667,"['Illumination Entertainment - 1805 Colorado Avenue, Santa Monica, California, USA']","[{'lat': 34.0271219, 'lng': -118.4758485}]",Animation,Comedy,Family
27658,tt3316960,Still Alice,US,,7.5,116832,Still Alice,Still Alice,2014,101.0,Drama,"Jan 16, 2015","$5,000,000","$18,656,400","$41,699,612",8.3399224,"['Lido Beach, New York, USA', 'Dobbs Ferry, New York, USA', 'New York City, New York, USA', 'Bronx, New York City, New York, USA', 'Columbia University - Broadway & 116th Street, Manhattan, New York City, New York, USA', '431 West 162nd Street, Manhattan, New York City, New York, USA']","[{'lat': 40.5889926, 'lng': -73.6254072}, {'lat': 41.0145418, 'lng': -73.87263500000002}, {'lat': 40.7127753, 'lng': -74.0059728}, {'lat': 40.8447819, 'lng': -73.8648268}, {'lat': 40.8063886, 'lng': -73.9643289}, {'lat': 40.83544, 'lng': -73.93834799999999}]",Drama,,
36552,tt2980516,The Theory of Everything,US,,7.7,361534,The Theory of Everything,The Theory of Everything,2014,123.0,"Biography,Drama,Romance","Nov 7, 2014","$15,000,000","$35,893,537","$123,327,692",8.221846133333333,"['Cambridge, Cambridgeshire, England, UK', 'Dunsfold Park Aerodrome, Dunsfold Park, Dunsfold, Surrey, England, UK', 'Camber Sands, Camber, East Sussex, England, UK', 'Swinley Forest, Bracknell, Berkshire, England, UK', 'Harrow School, Harrow, Middlesex, England, UK', 'Pinner, Middlesex, England, UK', 'UK', ""St. John's College, Cambridge University, Cambridge, Cambridgeshire, England, UK"", '14 Kidderpore Avenue, Hampstead, London, England, UK', 'Horsted Keynes station, Bluebell Railway, West Sussex, England, UK', 'Royal Standard of England pub, Forty Green, Buckinghamshire, England, UK', 'Penn, Buckinghamshire, England, UK', 'Church Lane, Pinner, Middlesex, England, UK', 'Royal Opera House, Bow Street, Covent Garden, London, England, UK', ""Lancaster House, The Mall, St. James's, London, England, UK"", 'Hampton Court Palace, East Molesey, Surrey, England, UK', 'Ealing Studios, London, England, UK']","[{'lat': 52.205337, 'lng': 0.121817}, {'lat': 51.1194484, 'lng': -0.53061}, {'lat': 50.9327242, 'lng': 0.7960442999999999}, {'lat': 51.3864831, 'lng': -0.7397096999999999}, {'lat': 51.5725237, 'lng': -0.3334223000000001}, {'lat': 51.595172, 'lng': -0.378002}, {'lat': 55.378051, 'lng': -3.435973}, {'lat': 52.2087167, 'lng': 0.114865}, {'lat': 51.5582128, 'lng': -0.1946691}, {'lat': 50.9955329, 'lng': -0.0008927999999999999}, {'lat': 51.6186778, 'lng': -0.6686586}, {'lat': 51.6341088, 'lng': -0.6701889999999999}, {'lat': 51.59350790000001, 'lng': -0.3773117}, {'lat': 51.5129211, 'lng': -0.1221976}, {'lat': 51.5037763, 'lng': -0.1391568}, {'lat': 51.4036128, 'lng': -0.3377623}, {'lat': 51.5085975, 'lng': -0.3057851}]",Biography,Drama,Romance
29677,tt1399683,Winter's Bone,US,,7.2,127751,Winter's Bone,Winter's Bone,2010,100.0,"Drama,Mystery","Jun 11, 2010","$2,000,000","$6,531,503","$16,131,551",8.0657755,"['Forsyth, Missouri, USA', 'Christian County, Missouri, USA', 'Taney County, Missouri, USA', 'Branson, Missouri, USA']","[{'lat': 36.6850612, 'lng': -93.1199012}, {'lat': 36.99764400000001, 'lng': -93.17796589999999}, {'lat': 36.6576378, 'lng': -93.0175712}, {'lat': 36.6436731, 'lng': -93.21851439999999}]",Drama,Mystery,
11381,tt1655442,Beauty Spot,US,,7.9,217184,The Artist,The Artist,2011,100.0,"Comedy,Drama,Romance","Nov 25, 2011","$16,000,000","$44,667,095","$128,256,712",8.0160445,"['Bradbury Building - 304 S. Broadway, Downtown, Los Angeles, California, USA', 'Paramount Studios - 5555 Melrose Avenue, Hollywood, Los Angeles, California, USA', 'Warner Brothers Burbank Studios - 4000 Warner Boulevard, Burbank, California, USA', 'Fremont Mansion - 56 Fremont Place, Los Angeles, California, USA', 'Hancock Park, Los Angeles, California, USA', 'Million Dollar Theatre - 307 S. Broadway, Downtown, Los Angeles, California, USA', 'Pasadena, California, USA', '104 Fremont Place, Los Angeles, California, USA', 'Los Angeles, California, USA', 'Red Studios, 846 N. Cahuenga Blvd., Hollywood, Los Angeles, California, USA', 'The Cicada Restaurant and Club - 617 S Olive St, Los Angeles, California, USA', 'The Ebell of Los Angeles - 743 S Lucerne Blvd, Los Angeles, California, USA', 'Orpheum Theater - 842 South Broadway, Downtown, Los Angeles, California, USA', 'Oakwood Avenue, Los Angeles, California, USA', 'Los Angeles Theatre - 615 S. Broadway, Downtown, Los Angeles, California, USA', 'June Street, Los Angeles, California, USA', 'Hudson Avenue, Los Angeles, California, USA', '104 Fremont Place, Los Angeles, California, USA', 'Eagle Rock Substation, 7888 N. Figueroa Street, Los Angeles, California, USA', 'American Film Institute, 2021 North Western Avenue, Los Angeles, California, USA']","[{'lat': 34.050604, 'lng': -118.2478573}, {'lat': 34.0836571, 'lng': -118.3193436}, {'lat': 34.149365, 'lng': -118.337742}, {'lat': 34.0602774, 'lng': -118.325877}, {'lat': 34.0723327, 'lng': -118.3286614}, {'lat': 34.050838, 'lng': -118.2483286}, {'lat': 34.1477849, 'lng': -118.1445155}, {'lat': 34.060063, 'lng': -118.3279105}, {'lat': 34.0522342, 'lng': -118.2436849}, {'lat': 34.0861345, 'lng': -118.3282368}, {'lat': 34.0477241, 'lng': -118.2547008}, {'lat': 34.0612048, 'lng': -118.3248513}, {'lat': 34.0425, 'lng': -118.2555556}, {'lat': 34.078906, 'lng': -118.3330481}, {'lat': 34.046444, 'lng': -118.2526466}, {'lat': 34.0852959, 'lng': -118.3341945}, {'lat': 34.0608516, 'lng': -118.3337444}, {'lat': 34.060063, 'lng': -118.3279105}, {'lat': 34.1498032, 'lng': -118.1834831}, {'lat': 34.1075984, 'lng': -118.3099625}]",Comedy,Drama,Romance
31782,tt2820852,Furious 7,US,,7.2,335074,Furious 7,Furious Seven,2015,137.0,"Action,Crime,Thriller","Apr 3, 2015","$190,000,000","$353,007,020","$1,518,722,794",7.9932778631578945,"['Abu Dhabi, United Arab Emirates', 'Bloor St, Toronto, Ontario, Canada', 'Woodland Park, Colorado, USA', 'Atlanta, Georgia, USA', 'Teller County, Aspen Ranch, Colorado, USA', 'Social Circle, Georgia, USA', 'Santa Clarita, California, USA', 'Gwinnett County, Georgia, USA', 'Oakland Cemetery, Atlanta, Georgia, USA', 'Norcross, Georgia, USA', 'Clayton County, Georgia, USA', 'Los Angeles, California, USA', 'Montecristi, Dominican Republic', 'Azerbaijan', 'Stage 18, Universal Studios - 100 Universal City Plaza, Universal City, California, USA', 'Stage 44, Universal Studios - 100 Universal City Plaza, Universal City, California, USA', 'Santa Clarita Studios - 25135 Anza Drive, Santa Clarita, California, USA', 'Mann Biomedical Park, Santa Clarita, California, USA', 'Stage 28, Universal Studios - 100 Universal City Plaza, Universal City, California, USA', 'Rykoff Building, 741 Terminal St, Los Angeles, California, USA', 'Malibu, California, USA', '722 E Kensington Rd, Los Angeles, California, USA', 'Coachella Valley, California, USA', 'Willow Springs International Motorsports Park, Rosamond, California, USA', 'California City, California, USA']","[{'lat': 24.453884, 'lng': 54.3773438}, {'lat': 43.6702312, 'lng': -79.38676339999999}, {'lat': 38.9938808, 'lng': -105.0569301}, {'lat': 33.7489954, 'lng': -84.3879824}, {'lat': 38.86115789999999, 'lng': -105.1726816}, {'lat': 33.656228, 'lng': -83.718231}, {'lat': 34.3916641, 'lng': -118.542586}, {'lat': 33.9190653, 'lng': -84.01674229999999}, {'lat': 33.748535, 'lng': -84.37298969999999}, {'lat': 33.9412127, 'lng': -84.2135309}, {'lat': 33.5571944, 'lng': -84.375233}, {'lat': 34.0522342, 'lng': -118.2436849}, {'lat': 19.8473452, 'lng': -71.6406361}, {'lat': 40.143105, 'lng': 47.576927}, {'lat': 34.13811680000001, 'lng': -118.3533783}, {'lat': 34.13811680000001, 'lng': -118.3533783}, {'lat': 34.4313674, 'lng': -118.5780217}, {'lat': 34.4551645, 'lng': -118.5801816}, {'lat': 34.13811680000001, 'lng': -118.3533783}, {'lat': 34.0375246, 'lng': -118.4418971}, {'lat': 34.0259216, 'lng': -118.7797571}, {'lat': 34.0688724, 'lng': -118.2514517}, {'lat': 33.7666873, 'lng': -116.3591772}, {'lat': 34.869957, 'lng': -118.264432}, {'lat': 35.125801, 'lng': -117.9859038}]",Action,Crime,Thriller
38397,tt3104988,Crazy Rich Asians,US,,7.0,96617,Crazy Rich Asians,Crazy Rich Asians,2018,120.0,"Comedy,Romance","Aug 15, 2018","$30,000,000","$174,532,921","$238,099,711",7.936657033333334,"['Langkawi, Malaysia', 'Penang, Malaysia', 'Newton Food Centre, Newton, Singapore', 'The Raffles Hotel, 1 Beach Rd, Singapore', 'Carcosa Seri Negara, Wilayah Persekutuan Kuala Lumpur, Malaysia', 'Convent of the Holy Infant Jesus Middle Education School, Caldwell House, Victoria Street, Central Singapore', 'Marina Bay Sands Hotel, 10 Bayfront Ave, Singapore', 'The St Regis Kuala Lumpur, No 6, Jalan Stesen Sentral 2, Kuala Lumpur, Malaysia', 'The Four Seasons Langkawi Island, Jalan Tanjung Rhu, Kedah, Malaysia', 'Chinatown, Bukit Pasoh Road, Singapore', 'Sentosa Island, Singapore', 'Gardens by the Bay, 18 Marina Gardens Dr, Central Singapore', 'Cheong Fatt Tze Mansion, Leith Street, George Town, Pulau Penang, Malaysia', 'Belanda house, Kuala Lumpur, Malaysia', 'Subang Jaya, Petaling District, Selangor, Malaysia', 'International Exhibition & Convention Centre, Jalan Dulang, Mines Resort City, Selangor, Malaysia']","[{'lat': 6.35, 'lng': 99.8}, {'lat': 5.4163935, 'lng': 100.3326786}, {'lat': 1.3119888, 'lng': 103.8395742}, {'lat': 1.2948829, 'lng': 103.8544791}, {'lat': 3.1416951, 'lng': 101.6819576}, {'lat': 1.2955624, 'lng': 103.8520086}, {'lat': 1.2821333, 'lng': 103.8586374}, {'lat': 3.1367672, 'lng': 101.6889156}, {'lat': 6.44642, 'lng': 99.807966}, {'lat': 1.279336, 'lng': 103.8406052}, {'lat': 1.2494041, 'lng': 103.8303209}, {'lat': 1.2815683, 'lng': 103.8636132}, {'lat': 5.4215027, 'lng': 100.3348437}, {'lat': 3.101576, 'lng': 101.6782183}, {'lat': 3.0567333, 'lng': 101.5851192}, {'lat': 49.1283688, 'lng': -123.0975648}]",Comedy,Romance,
5025,tt1323594,Despicable Me,US,,7.7,464511,Despicable Me,Despicable Me,2010,95.0,"Animation,Comedy,Family","Jul 9, 2010","$69,000,000","$251,513,985","$543,464,573",7.87629815942029,[],[],Animation,Comedy,Family
17550,tt2771200,Beauty and the Beast,US,,7.2,238325,Beauty and the Beast,Beauty and the Beast,2017,129.0,"Family,Fantasy,Musical","Mar 17, 2017","$160,000,000","$504,014,165","$1,259,199,706",7.8699981625,"['Shepperton Studios, Shepperton, Surrey, England, UK', 'London, England, UK', 'Ashridge Estate, Hertfordshire, England, UK', 'England, UK', 'UK', 'H Stage, Shepperton Studios, Shepperton, Surrey, England, UK', 'A Stage, Shepperton Studios, Shepperton, Surrey, England, UK', 'B Stage, Shepperton Studios, Shepperton, Surrey, England, UK', 'C Stage, Shepperton Studios, Shepperton, Surrey, England, UK', 'D Stage, Shepperton Studios, Shepperton, Surrey, England, UK', 'E Stage, Shepperton Studios, Shepperton, Surrey, England, UK', 'F Stage, Shepperton Studios, Shepperton, Surrey, England, UK', 'G Stage, Shepperton Studios, Shepperton, Surrey, England, UK', 'R Stage, Shepperton Studios, Shepperton, Surrey, England, UK']","[{'lat': 51.4078228, 'lng': -0.4660922}, {'lat': 51.5073509, 'lng': -0.1277583}, {'lat': 51.8070446, 'lng': -0.5935157999999999}, {'lat': 52.3555177, 'lng': -1.1743197}, {'lat': 55.378051, 'lng': -3.435973}, {'lat': 51.4078228, 'lng': -0.4660922}, {'lat': 51.4078228, 'lng': -0.4660922}, {'lat': 51.4078228, 'lng': -0.4660922}, {'lat': 51.4078228, 'lng': -0.4660922}, {'lat': 51.4078228, 'lng': -0.4660922}, {'lat': 51.4078228, 'lng': -0.4660922}, {'lat': 51.4078228, 'lng': -0.4660922}, {'lat': 51.4078228, 'lng': -0.4660922}, {'lat': 51.4078228, 'lng': -0.4660922}]",Family,Fantasy,Musical
37032,tt4925292,Lady Bird,US,,7.4,177677,Lady Bird,Lady Bird,2017,94.0,"Comedy,Drama","Nov 3, 2017","$10,000,000","$48,958,273","$78,610,769",7.8610769,"['Sacramento, California, USA', '410 El Camino Ave, Sacramento, California, USA', '1200 block 44th Street, Sacramento, California, USA', 'South Pasadena, California, USA', '3255 H Street, Sacramento, California, USA', 'Kaldi Coffee & Tea - 1019 El Centro St, South Pasadena, California, USA', 'Alverno High School - 200 North Michillinda Avenue, Sierra Madre, California, USA', '6701 Orion Avenue, Van Nuys, California, USA', '2331 North N Street, Sacramento, California, USA', 'First Presbyterian Church, New York City, New York. USA', 'South Pasadena High School - 1401 Fremont Avenue, South Pasadena, California, USA', 'New York, USA', 'Sacramento International Airport, 6900 Airport Bvd, Sacramento, California, USA', 'Los Angeles, California, USA', 'Club Raven, 3246 J.St., Sacramento, California, USA', 'Sacramento, California, USA', 'Los Angeles, California, USA', 'New York City, New York, USA', 'New York City, New York, USA', 'USA', 'California, USA']","[{'lat': 38.5815719, 'lng': -121.4943996}, {'lat': 38.6104563, 'lng': -121.4573125}, {'lat': 38.5663692, 'lng': -121.4497022}, {'lat': 34.1161196, 'lng': -118.1503488}, {'lat': 38.5746559, 'lng': -121.4614613}, {'lat': 39.042494, 'lng': -94.590823}, {'lat': 34.1659526, 'lng': -118.0666939}, {'lat': 34.1921263, 'lng': -118.4709804}, {'lat': 38.5710796, 'lng': -121.4765879}, {'lat': 40.734514, 'lng': -73.99495189999999}, {'lat': 34.1097728, 'lng': -118.1544073}, {'lat': 40.7127753, 'lng': -74.0059728}, {'lat': 38.6950854, 'lng': -121.5900648}, {'lat': 34.0522342, 'lng': -118.2436849}, {'lat': 38.5720086, 'lng': -121.4630052}, {'lat': 38.5815719, 'lng': -121.4943996}, {'lat': 34.0522342, 'lng': -118.2436849}, {'lat': 40.7127753, 'lng': -74.0059728}, {'lat': 40.7127753, 'lng': -74.0059728}, {'lat': 37.09024, 'lng': -95.712891}, {'lat': 36.778261, 'lng': -119.4179324}]",Comedy,Drama,
32637,tt2209418,Untitled Before Sunset Sequel,US,,7.9,123107,Before Midnight,Before Midnight,2013,109.0,"Drama,Romance","May 24, 2013","$3,000,000","$8,110,621","$23,251,930",7.7506433333333336,"['The Westin Resort Costa Navarino, Messinia, Greece', 'Kardamyli, Messinia, Greece', ""Patrick Leigh Fermor's house - Kardamyli, Messinia, Greece"", 'Messinia, Greece', 'Pylos, Greece', 'Kalamata International Airport - Kalamata, Messinia, Greece', 'Greece']","[{'lat': 36.995905, 'lng': 21.65081}, {'lat': 36.8870432, 'lng': 22.2329977}, {'lat': 36.8785903, 'lng': 22.2401646}, {'lat': 37.1424653, 'lng': 21.9522491}, {'lat': 36.91307560000001, 'lng': 21.6963472}, {'lat': 37.0548554, 'lng': 22.0341194}, {'lat': 39.074208, 'lng': 21.824312}]",Drama,Romance,
12,tt0369610,Jurassic World 3D,US,,7.0,539338,Jurassic World,Jurassic World,2015,124.0,"Action,Adventure,Sci-Fi","Jun 12, 2015","$215,000,000","$652,270,625","$1,648,854,864",7.669092390697674,"[""Kualoa Ranch - 49560 Kamehameha Highway, Ka'a'awa, O'ahu, Hawaii, USA"", 'New Orleans, Louisiana, USA', ""Jurassic Kahili Ranch, Kilauea, Kaua'i, Hawaii, USA"", 'Manoa Falls, Oahu, Hawaii, USA', ""Blue Hole, Kaua'i, Hawaii, USA"", ""Lawai, Kaua'i, Hawaii, USA"", 'Louisiana, USA', ""Manawaiopuna Falls, Hanapepe Valley, Kaua'i, Hawaii, USA"", ""Olokele Valley, Kaua'i, Hawaii, USA"", 'The Honolulu Zoo, 151 Kapahulu Ave, Honolulu, Hawaii, USA', 'Jurassic Kahili Ranch, Kilauea, Kauai, Hawaii, USA', 'Oahu, Hawaii, USA', 'Louis Armstrong New Orleans International Airport - 900 Airline Drive, Kenner, Louisiana, USA', 'Na Pali Coast State Park, Kauai, Hawaii, USA', 'Honolulu, Hawaii, USA', 'Hawaii Convention Center - 1801 Kalakaua Avenue, Honolulu, Hawaii, USA', 'Hawaii, USA', 'Marin County, California, USA', 'USA', 'New York City, New York, USA', 'Kauai, Hawaii, USA', 'Big Easy Studios - 13800 Old Gentilly Rd, New Orleans, Louisiana, USA']","[{'lat': 21.5206575, 'lng': -157.8372609}, {'lat': 29.95106579999999, 'lng': -90.0715323}, {'lat': 22.1970999, 'lng': -159.3969976}, {'lat': 21.3420389, 'lng': -157.7992015}, {'lat': 22.0706522, 'lng': -159.4961272}, {'lat': 21.9219444, 'lng': -159.5094444}, {'lat': 30.9842977, 'lng': -91.96233269999999}, {'lat': 21.9882298, 'lng': -159.5258259}, {'lat': 21.9222222, 'lng': -159.6286111}, {'lat': 21.2710896, 'lng': -157.8214785}, {'lat': 22.1970999, 'lng': -159.3969976}, {'lat': 21.4389123, 'lng': -158.0000565}, {'lat': 29.9910905, 'lng': -90.2592299}, {'lat': 22.1667399, 'lng': -159.6392441}, {'lat': 21.3069444, 'lng': -157.8583333}, {'lat': 21.29024, 'lng': -157.8364238}, {'lat': 19.8967662, 'lng': -155.5827818}, {'lat': 38.083403, 'lng': -122.7633036}, {'lat': 37.09024, 'lng': -95.712891}, {'lat': 40.7127753, 'lng': -74.0059728}, {'lat': 22.0964396, 'lng': -159.5261238}, {'lat': 30.0049609, 'lng': -90.032378}]",Action,Adventure,Sci-Fi
8772,tt1490017,Lego: The Piece of Resistance,US,,7.8,304179,The Lego Movie,The Lego Movie,2014,100.0,"Action,Adventure,Animation","Feb 7, 2014","$60,000,000","$257,784,718","$457,729,388",7.628823133333333,"['Fox Studios, Moore Park, Sydney, New South Wales, Australia', 'New York City, New York, USA', 'Boston, Massachusetts, USA']","[{'lat': -33.8930422, 'lng': 151.2238806}, {'lat': 40.7127753, 'lng': -74.0059728}, {'lat': 42.3600825, 'lng': -71.0588801}]",Action,Adventure,Animation
26505,tt2229499,Don Jon's Addiction,US,,6.6,216350,Don Jon,Don Jon,2013,90.0,"Comedy,Drama,Romance","Sep 27, 2013","$5,500,000","$24,477,704","$41,268,579",7.503378,"['Hackensack, New Jersey, USA', 'Valley Plaza 6 - 6355 Bellingham Avenue, North Hollywood, California, USA', 'Los Angeles, California, USA', 'Los Angeles City College - 855 North Vermont Avenue, Los Angeles, California, USA', 'Hancock Park, Los Angeles, California, USA', 'Sherman Way between Darby Ave to Reseda Blvd, Reseda, Los Angeles, California, USA']","[{'lat': 40.8859325, 'lng': -74.0434736}, {'lat': 34.18608469999999, 'lng': -118.3991241}, {'lat': 34.0522342, 'lng': -118.2436849}, {'lat': 34.0872692, 'lng': -118.2924734}, {'lat': 34.0723327, 'lng': -118.3286614}, {'lat': 34.2011016, 'lng': -118.5005657}]",Comedy,Drama,Romance
12227,tt2194499,About Time,US,,7.8,263136,About Time,About Time,2013,123.0,"Comedy,Drama,Fantasy","Nov 1, 2013","$12,000,000","$15,323,921","$89,309,178",7.4424315,"['Portloe, Cornwall, England, UK', 'Notting Hill, London, England, UK', 'Porthpean House, St Austell, Cornwall, England, UK', 'Whitehouse Apartments, 9 Belvedere Road, South Bank, London, England, UK', 'Maida Vale Underground Station, Maida Vale, London, England, UK', 'Paddington Station, Paddington, London, England, UK', ""Abbey Road, St. John's Wood, London, England, UK"", ""Brondesbury Road, Queen's Park, London, England, UK"", '102 Golborne Road, London, England, UK', 'Cornwall, England, UK', ""59 Brondesbury Road, Queen's Park, London, England, UK"", 'St. Michael Penkivel, Cornwall, England, UK', 'Royal Courts of Justice, Strand, Holborn, London, England, UK', ""Lincoln's Inn Fields, Holborn, London, England, UK"", 'The Old Vic - The Cut, London, England, UK', ""Courtfield Gardens, Earl's Court, London, England, UK"", ""Zorba's Greek Taverna - 36 Leinster Gardens, London, England, UK"", 'National Theatre, South Bank Centre, South Bank, Lambeth, London, England, UK', 'London, England, UK', '1 Newburgh Street, Soho, London, England, UK']","[{'lat': 50.219505, 'lng': -4.8909921}, {'lat': 51.5160125, 'lng': -0.2090148}, {'lat': 50.32118500000001, 'lng': -4.770042999999999}, {'lat': 51.5053011, 'lng': -0.114712}, {'lat': 51.52987779999999, 'lng': -0.1857278}, {'lat': 51.5166744, 'lng': -0.1769328}, {'lat': 51.5354361, 'lng': -0.1812038}, {'lat': 51.5353705, 'lng': -0.2023924}, {'lat': 51.5214641, 'lng': -0.2093871}, {'lat': 50.26604709999999, 'lng': -5.0527125}, {'lat': 51.5366922, 'lng': -0.1992248}, {'lat': 50.2400767, 'lng': -5.0048993}, {'lat': 51.5136609, 'lng': -0.1132125}, {'lat': 51.5156073, 'lng': -0.1178205}, {'lat': 51.50205949999999, 'lng': -0.1093125}, {'lat': 51.4935775, 'lng': -0.1886787}, {'lat': 51.5113347, 'lng': -0.1831026}, {'lat': 51.5072194, 'lng': -0.1143667}, {'lat': 51.5073509, 'lng': -0.1277583}, {'lat': 51.5134057, 'lng': -0.1384203}]",Comedy,Drama,Fantasy
19642,tt1270797,Antidote,US,,6.7,275406,Venom,Venom,2018,112.0,"Action,Sci-Fi,Thriller","Oct 5, 2018","$116,000,000","$213,511,408","$853,628,605",7.358867284482758,"['Atlanta, Georgia, USA', 'San Francisco, California, USA', '1151/1153 Montgomery, St. San Francisco, California, USA', 'California, USA', 'Georgia, USA', 'USA', 'New York City, New York, USA', 'The Merchants Exchange Building, 465 California St #1600, San Francisco, CA 94104, United States']","[{'lat': 33.7489954, 'lng': -84.3879824}, {'lat': 37.7749295, 'lng': -122.4194155}, {'lat': 37.799849, 'lng': -122.4044062}, {'lat': 36.778261, 'lng': -119.4179324}, {'lat': 32.1656221, 'lng': -82.9000751}, {'lat': 37.09024, 'lng': -95.712891}, {'lat': 40.7127753, 'lng': -74.0059728}, None]",Action,Sci-Fi,Thriller
44704,tt6112220,The Butterfly Effect,US,en,6.9,104,The Butterfly Effect,Vidas Em Paralelo,2010,85.0,"Comedy,Crime,Drama","Jan 23, 2004","$13,000,000","$57,924,679","$95,638,592",7.356814769230769,"['Beverly Hills, California, USA']","[{'lat': 34.0736204, 'lng': -118.4003563}]",Comedy,Crime,Drama
